"tumor_id","origin","is.common","is.known","is.outlier.one.class","is.outlier.two.class","mean.distance.rank","svm.class","enet.class","enetwt.class","xgb.class","gbm.class","rf.class","knn.class","sda.class","pam.class","scrda.class","mars.class","ensglm.class","ensavg.class","overall.class"
"AML193","HAEMATOPOIETIC_AND_LYMPHOID_TISSUE",TRUE,TRUE,FALSE,0.727927927927928,0.65405405405405,"pos","pos","pos","pos","neg","pos","pos","pos","pos","pos","pos","pos","pos","pos"
"AMO1","HAEMATOPOIETIC_AND_LYMPHOID_TISSUE",TRUE,TRUE,FALSE,0.387387387387387,0.538738738738736,"neg","neg","neg","neg","pos","neg","pos","pos","pos","pos","pos","pos","pos","pos"
"BL70","HAEMATOPOIETIC_AND_LYMPHOID_TISSUE",TRUE,TRUE,FALSE,0.254054054054054,0.780180180180175,"pos","pos","pos","pos","pos","pos","pos","pos","pos","pos","neg","pos","pos","pos"
"CAL148","BREAST",TRUE,TRUE,FALSE,0.414414414414414,0.801801801801797,"neg","pos","neg","pos","pos","pos","pos","pos","pos","pos","pos","pos","pos","pos"
"CI1","HAEMATOPOIETIC_AND_LYMPHOID_TISSUE",TRUE,TRUE,FALSE,0.50990990990991,0.630630630630627,"pos","neg","pos","pos","pos","pos","pos","pos","pos","pos","pos","pos","pos","pos"
"CMK115","HAEMATOPOIETIC_AND_LYMPHOID_TISSUE",TRUE,TRUE,TRUE,0.45045045045045,0.742342342342338,"pos","pos","pos","pos","pos","pos","pos","pos","pos","pos","pos","pos","pos","pos"
"CMK86","HAEMATOPOIETIC_AND_LYMPHOID_TISSUE",TRUE,TRUE,FALSE,0.607207207207207,0.848648648648643,"pos","pos","pos","pos","pos","pos","pos","pos","pos","pos","pos","pos","pos","pos"
"CMLT1","HAEMATOPOIETIC_AND_LYMPHOID_TISSUE",TRUE,TRUE,FALSE,0.169369369369369,0.803603603603599,"pos","pos","pos","pos","pos","pos","pos","pos","pos","pos","pos","pos","pos","pos"
"CORL24","LUNG",TRUE,TRUE,TRUE,0.648648648648649,0.953153153153147,"pos","pos","pos","pos","pos","pos","pos","pos","pos","pos","pos","pos","pos","pos"
"CORL311","LUNG",TRUE,TRUE,FALSE,0.581981981981982,0.940540540540534,"pos","pos","pos","pos","pos","pos","pos","pos","pos","pos","pos","pos","pos","pos"
"CORL47","LUNG",TRUE,TRUE,FALSE,0.434234234234234,0.983783783783777,"pos","pos","pos","pos","pos","pos","pos","pos","pos","pos","pos","pos","pos","pos"
"CORL95","LUNG",TRUE,TRUE,TRUE,0.673873873873874,0.990990990990984,"pos","pos","pos","pos","pos","pos","pos","pos","pos","pos","pos","pos","pos","pos"
"D341MED","CENTRAL_NERVOUS_SYSTEM",TRUE,TRUE,TRUE,0.992792792792793,0.989189189189182,"neg","pos","pos","pos","pos","pos","pos","pos","pos","pos","pos","pos","pos","pos"
"DAUDI","HAEMATOPOIETIC_AND_LYMPHOID_TISSUE",TRUE,TRUE,TRUE,0.702702702702703,0.85585585585585,"pos","pos","pos","pos","pos","pos","pos","pos","pos","pos","pos","pos","pos","pos"
"DMS153","LUNG",TRUE,TRUE,FALSE,0.27027027027027,0.767567567567563,"pos","pos","pos","pos","pos","pos","pos","pos","pos","pos","pos","pos","pos","pos"
"DND41","HAEMATOPOIETIC_AND_LYMPHOID_TISSUE",TRUE,TRUE,FALSE,0.398198198198198,0.879279279279273,"pos","pos","pos","pos","pos","pos","pos","pos","pos","pos","neg","pos","pos","pos"
"EOL1","HAEMATOPOIETIC_AND_LYMPHOID_TISSUE",TRUE,TRUE,FALSE,0.56036036036036,0.944144144144138,"pos","pos","pos","pos","pos","pos","pos","pos","pos","pos","pos","pos","pos","pos"
"F36P","HAEMATOPOIETIC_AND_LYMPHOID_TISSUE",TRUE,TRUE,FALSE,0.390990990990991,0.821621621621616,"pos","pos","pos","neg","pos","pos","pos","pos","pos","pos","pos","pos","pos","pos"
"GA10","HAEMATOPOIETIC_AND_LYMPHOID_TISSUE",TRUE,TRUE,FALSE,0.52972972972973,0.711711711711708,"pos","pos","pos","pos","pos","pos","pos","pos","pos","pos","pos","pos","pos","pos"
"GRANTA519","HAEMATOPOIETIC_AND_LYMPHOID_TISSUE",TRUE,TRUE,FALSE,0.466666666666667,0.864864864864859,"pos","pos","pos","pos","pos","pos","pos","pos","pos","pos","pos","pos","pos","pos"
"HCC33","LUNG",TRUE,TRUE,TRUE,0.735135135135135,0.980180180180173,"pos","pos","pos","pos","pos","pos","pos","pos","pos","pos","pos","pos","pos","pos"
"HEL9217","HAEMATOPOIETIC_AND_LYMPHOID_TISSUE",TRUE,TRUE,TRUE,0.875675675675676,0.672072072072068,"neg","neg","neg","pos","pos","neg","pos","pos","pos","pos","pos","pos","pos","pos"
"HPBALL","HAEMATOPOIETIC_AND_LYMPHOID_TISSUE",TRUE,TRUE,FALSE,0.587387387387387,0.972972972972966,"pos","pos","pos","pos","pos","pos","pos","pos","pos","pos","neg","pos","pos","pos"
"HS611T","HAEMATOPOIETIC_AND_LYMPHOID_TISSUE",TRUE,TRUE,FALSE,0.29009009009009,0.430630630630629,"pos","neg","pos","neg","neg","neg","pos","pos","pos","pos","neg","pos","pos","pos"
"IMR32","AUTONOMIC_GANGLIA",FALSE,TRUE,TRUE,0.866666666666667,0.922522522522516,"pos","pos","pos","pos","pos","pos","pos","pos","pos","pos","pos","pos","pos","pos"
"JEKO1","HAEMATOPOIETIC_AND_LYMPHOID_TISSUE",TRUE,TRUE,FALSE,0.722522522522522,0.924324324324318,"pos","pos","pos","pos","pos","pos","pos","pos","pos","pos","pos","pos","pos","pos"
"JK1","HAEMATOPOIETIC_AND_LYMPHOID_TISSUE",TRUE,TRUE,FALSE,0.771171171171171,0.781981981981977,"pos","pos","pos","pos","pos","pos","pos","pos","pos","pos","pos","pos","pos","pos"
"JM1","HAEMATOPOIETIC_AND_LYMPHOID_TISSUE",TRUE,TRUE,FALSE,0.491891891891892,0.843243243243238,"pos","pos","pos","pos","pos","pos","pos","pos","pos","pos","pos","pos","pos","pos"
"JURKAT","HAEMATOPOIETIC_AND_LYMPHOID_TISSUE",TRUE,TRUE,FALSE,0.122522522522523,0.799999999999995,"pos","pos","pos","pos","pos","pos","pos","pos","pos","pos","pos","pos","pos","pos"
"JURLMK1","HAEMATOPOIETIC_AND_LYMPHOID_TISSUE",TRUE,TRUE,TRUE,0.841441441441441,0.720720720720716,"neg","neg","pos","neg","neg","pos","pos","pos","pos","pos","pos","pos","pos","pos"
"KARPAS620","HAEMATOPOIETIC_AND_LYMPHOID_TISSUE",TRUE,TRUE,TRUE,0.983783783783784,0.960360360360354,"pos","pos","pos","pos","pos","pos","pos","pos","pos","pos","pos","pos","pos","pos"
"KASUMI1","HAEMATOPOIETIC_AND_LYMPHOID_TISSUE",TRUE,TRUE,TRUE,0.484684684684685,0.918918918918913,"pos","pos","pos","pos","pos","pos","pos","pos","pos","pos","pos","pos","pos","pos"
"KASUMI2","HAEMATOPOIETIC_AND_LYMPHOID_TISSUE",TRUE,TRUE,FALSE,0.174774774774775,0.823423423423418,"pos","pos","pos","pos","pos","pos","pos","pos","pos","pos","pos","pos","pos","pos"
"KASUMI6","HAEMATOPOIETIC_AND_LYMPHOID_TISSUE",TRUE,TRUE,TRUE,0.565765765765766,0.881081081081075,"pos","pos","pos","pos","pos","pos","pos","pos","pos","pos","pos","pos","pos","pos"
"KCL22","HAEMATOPOIETIC_AND_LYMPHOID_TISSUE",TRUE,TRUE,FALSE,0.0576576576576577,0.659459459459456,"pos","pos","pos","pos","pos","pos","pos","pos","pos","pos","neg","pos","pos","pos"
"KMS18","HAEMATOPOIETIC_AND_LYMPHOID_TISSUE",TRUE,TRUE,FALSE,0.576576576576577,0.684684684684681,"pos","pos","pos","pos","neg","pos","pos","pos","pos","pos","neg","pos","pos","pos"
"KMS26","HAEMATOPOIETIC_AND_LYMPHOID_TISSUE",TRUE,TRUE,TRUE,0.763963963963964,0.873873873873868,"neg","neg","neg","pos","pos","pos","neg","pos","pos","pos","pos","pos","pos","pos"
"KO52","HAEMATOPOIETIC_AND_LYMPHOID_TISSUE",TRUE,TRUE,FALSE,0.567567567567568,0.863063063063057,"pos","pos","pos","pos","pos","pos","pos","pos","pos","pos","pos","pos","pos","pos"
"KOPN8","HAEMATOPOIETIC_AND_LYMPHOID_TISSUE",TRUE,TRUE,TRUE,0.936936936936937,0.79459459459459,"pos","pos","pos","pos","pos","pos","pos","pos","pos","pos","pos","pos","pos","pos"
"KPNRTBM1","AUTONOMIC_GANGLIA",FALSE,TRUE,FALSE,0.902702702702703,0.904504504504498,"pos","pos","pos","pos","pos","pos","pos","pos","pos","pos","pos","pos","pos","pos"
"M07E","HAEMATOPOIETIC_AND_LYMPHOID_TISSUE",TRUE,TRUE,FALSE,0.376576576576577,0.818018018018013,"pos","pos","pos","pos","pos","pos","pos","pos","pos","pos","pos","pos","pos","pos"
"ME1","HAEMATOPOIETIC_AND_LYMPHOID_TISSUE",TRUE,TRUE,TRUE,0.920720720720721,0.92612612612612,"pos","pos","pos","pos","pos","pos","pos","pos","pos","pos","pos","pos","pos","pos"
"MEC1","HAEMATOPOIETIC_AND_LYMPHOID_TISSUE",TRUE,TRUE,FALSE,0.0846846846846847,0.614414414414411,"pos","pos","pos","pos","pos","pos","pos","pos","pos","pos","neg","pos","pos","pos"
"MEC2","HAEMATOPOIETIC_AND_LYMPHOID_TISSUE",TRUE,TRUE,FALSE,0.403603603603604,0.618018018018015,"pos","pos","pos","pos","pos","pos","pos","pos","pos","pos","neg","pos","pos","pos"
"MHHCALL3","HAEMATOPOIETIC_AND_LYMPHOID_TISSUE",TRUE,TRUE,TRUE,0.805405405405405,0.927927927927922,"pos","pos","pos","pos","pos","pos","pos","pos","pos","pos","neg","pos","pos","pos"
"MHHCALL4","HAEMATOPOIETIC_AND_LYMPHOID_TISSUE",TRUE,TRUE,FALSE,0.500900900900901,0.9063063063063,"pos","pos","pos","pos","pos","pos","pos","pos","pos","pos","neg","pos","pos","pos"
"MINO","HAEMATOPOIETIC_AND_LYMPHOID_TISSUE",TRUE,TRUE,FALSE,0.634234234234234,0.839639639639634,"pos","pos","pos","pos","pos","pos","pos","pos","pos","pos","pos","pos","pos","pos"
"MOLM13","HAEMATOPOIETIC_AND_LYMPHOID_TISSUE",TRUE,TRUE,FALSE,0.628828828828829,0.709909909909906,"pos","pos","pos","pos","pos","pos","pos","pos","pos","pos","neg","pos","pos","pos"
"MOLM16","HAEMATOPOIETIC_AND_LYMPHOID_TISSUE",TRUE,TRUE,TRUE,0.558558558558559,0.736936936936933,"neg","pos","pos","pos","neg","pos","pos","pos","pos","pos","pos","pos","pos","pos"
"MOLM6","HAEMATOPOIETIC_AND_LYMPHOID_TISSUE",TRUE,TRUE,TRUE,0.63963963963964,0.895495495495489,"pos","pos","pos","pos","pos","pos","pos","pos","pos","pos","pos","pos","pos","pos"
"MONOMAC1","HAEMATOPOIETIC_AND_LYMPHOID_TISSUE",TRUE,TRUE,FALSE,0.621621621621622,0.882882882882877,"pos","pos","pos","pos","pos","pos","pos","pos","pos","pos","pos","pos","pos","pos"
"MOTN1","HAEMATOPOIETIC_AND_LYMPHOID_TISSUE",TRUE,TRUE,FALSE,0.636036036036036,0.628828828828826,"pos","neg","neg","neg","neg","neg","pos","pos","pos","pos","neg","pos","pos","pos"
"MUTZ5","HAEMATOPOIETIC_AND_LYMPHOID_TISSUE",TRUE,TRUE,FALSE,0.136936936936937,0.900900900900895,"pos","pos","pos","pos","pos","pos","pos","pos","pos","pos","pos","pos","pos","pos"
"NALM19","HAEMATOPOIETIC_AND_LYMPHOID_TISSUE",TRUE,TRUE,FALSE,0.288288288288288,0.872072072072066,"pos","pos","pos","pos","pos","pos","pos","pos","pos","pos","pos","pos","pos","pos"
"NALM1","HAEMATOPOIETIC_AND_LYMPHOID_TISSUE",TRUE,TRUE,FALSE,0.682882882882883,0.962162162162155,"pos","pos","pos","pos","pos","pos","pos","pos","pos","pos","neg","pos","pos","pos"
"NAMALWA","HAEMATOPOIETIC_AND_LYMPHOID_TISSUE",TRUE,TRUE,FALSE,0.67027027027027,0.902702702702697,"pos","pos","pos","pos","pos","pos","pos","pos","pos","pos","pos","pos","pos","pos"
"NB4","HAEMATOPOIETIC_AND_LYMPHOID_TISSUE",TRUE,TRUE,FALSE,0.614414414414414,0.796396396396391,"pos","pos","pos","pos","pos","pos","pos","pos","pos","pos","pos","pos","pos","pos"
"NCIH1105","LUNG",TRUE,TRUE,TRUE,0.720720720720721,0.992792792792786,"pos","pos","pos","pos","pos","pos","pos","pos","pos","pos","pos","pos","pos","pos"
"NCIH1184","LUNG",TRUE,TRUE,TRUE,0.756756756756757,0.933333333333327,"pos","pos","pos","pos","pos","pos","pos","pos","pos","pos","neg","pos","pos","pos"
"NCIH1436","LUNG",TRUE,TRUE,TRUE,0.798198198198198,0.947747747747741,"pos","pos","pos","pos","pos","pos","pos","pos","pos","pos","pos","pos","pos","pos"
"NCIH146","LUNG",TRUE,TRUE,TRUE,0.989189189189189,0.974774774774768,"pos","pos","pos","pos","pos","pos","pos","pos","pos","pos","pos","pos","pos","pos"
"NCIH1618","LUNG",TRUE,TRUE,FALSE,0.497297297297297,0.967567567567561,"pos","pos","pos","pos","pos","pos","pos","pos","pos","pos","pos","pos","pos","pos"
"NCIH1836","LUNG",TRUE,TRUE,FALSE,0.778378378378378,0.807207207207202,"pos","pos","pos","pos","pos","pos","pos","pos","pos","pos","pos","pos","pos","pos"
"NCIH1876","LUNG",TRUE,TRUE,TRUE,0.41981981981982,0.969369369369363,"pos","pos","pos","pos","pos","pos","pos","pos","pos","pos","pos","pos","pos","pos"
"NCIH1963","LUNG",TRUE,TRUE,TRUE,0.996396396396396,0.999999999999993,"pos","pos","pos","pos","pos","pos","pos","pos","pos","pos","pos","pos","pos","pos"
"NCIH2081","LUNG",TRUE,TRUE,TRUE,0.688288288288288,0.888288288288282,"pos","pos","pos","pos","pos","pos","pos","pos","pos","pos","pos","pos","pos","pos"
"NCIH660","PROSTATE",FALSE,TRUE,FALSE,0.363963963963964,0.832432432432427,"neg","neg","pos","pos","neg","pos","pos","pos","pos","pos","pos","pos","pos","pos"
"NCIH889","LUNG",TRUE,TRUE,TRUE,0.974774774774775,0.994594594594588,"pos","pos","pos","pos","pos","pos","pos","pos","pos","pos","pos","pos","pos","pos"
"NCO2","HAEMATOPOIETIC_AND_LYMPHOID_TISSUE",TRUE,TRUE,TRUE,0.8,0.965765765765759,"pos","pos","pos","pos","pos","pos","pos","pos","pos","pos","pos","pos","pos","pos"
"NUDUL1","HAEMATOPOIETIC_AND_LYMPHOID_TISSUE",TRUE,TRUE,FALSE,0.563963963963964,0.861261261261256,"pos","pos","pos","pos","pos","pos","pos","pos","pos","pos","pos","pos","pos","pos"
"OCIAML3","HAEMATOPOIETIC_AND_LYMPHOID_TISSUE",TRUE,TRUE,TRUE,0.672072072072072,0.727927927927924,"pos","neg","pos","neg","pos","pos","pos","pos","pos","pos","neg","pos","pos","pos"
"OCIAML5","HAEMATOPOIETIC_AND_LYMPHOID_TISSUE",TRUE,TRUE,FALSE,0.428828828828829,0.814414414414409,"pos","pos","pos","pos","pos","pos","pos","pos","pos","pos","pos","pos","pos","pos"
"OCILY19","HAEMATOPOIETIC_AND_LYMPHOID_TISSUE",TRUE,TRUE,TRUE,0.713513513513514,0.945945945945939,"pos","pos","pos","pos","pos","pos","pos","pos","pos","pos","neg","pos","pos","pos"
"OCILY3","HAEMATOPOIETIC_AND_LYMPHOID_TISSUE",TRUE,TRUE,TRUE,0.852252252252252,0.971171171171164,"pos","pos","pos","pos","pos","pos","pos","pos","pos","pos","pos","pos","pos","pos"
"OCIM1","HAEMATOPOIETIC_AND_LYMPHOID_TISSUE",TRUE,TRUE,FALSE,0.243243243243243,0.798198198198193,"pos","pos","pos","pos","pos","pos","pos","pos","pos","pos","pos","pos","pos","pos"
"P3HR1","HAEMATOPOIETIC_AND_LYMPHOID_TISSUE",TRUE,TRUE,FALSE,0.809009009009009,0.646846846846843,"pos","pos","pos","neg","pos","pos","pos","pos","pos","pos","pos","pos","pos","pos"
"PEER","HAEMATOPOIETIC_AND_LYMPHOID_TISSUE",TRUE,TRUE,FALSE,0.486486486486487,0.816216216216211,"pos","pos","pos","pos","pos","pos","pos","pos","pos","pos","pos","pos","pos","pos"
"PFEIFFER","HAEMATOPOIETIC_AND_LYMPHOID_TISSUE",TRUE,TRUE,FALSE,0.237837837837838,0.488288288288286,"pos","neg","pos","neg","neg","neg","pos","pos","pos","pos","pos","pos","pos","pos"
"PL21","HAEMATOPOIETIC_AND_LYMPHOID_TISSUE",TRUE,TRUE,FALSE,0.513513513513513,0.931531531531525,"pos","pos","pos","pos","pos","pos","pos","pos","pos","pos","neg","pos","pos","pos"
"RAJI","HAEMATOPOIETIC_AND_LYMPHOID_TISSUE",TRUE,TRUE,FALSE,0.32972972972973,0.524324324324322,"pos","pos","pos","pos","pos","pos","pos","pos","pos","pos","pos","pos","pos","pos"
"RCHACV","HAEMATOPOIETIC_AND_LYMPHOID_TISSUE",TRUE,TRUE,TRUE,0.562162162162162,0.954954954954948,"pos","pos","pos","pos","pos","pos","pos","pos","pos","pos","neg","pos","pos","pos"
"RDES","BONE",FALSE,TRUE,FALSE,0.717117117117117,0.776576576576572,"neg","neg","pos","neg","pos","pos","neg","pos","pos","pos","pos","pos","pos","pos"
"REC1","HAEMATOPOIETIC_AND_LYMPHOID_TISSUE",TRUE,TRUE,TRUE,0.967567567567568,0.819819819819815,"neg","neg","pos","pos","pos","pos","neg","pos","pos","pos","pos","pos","pos","pos"
"RI1","HAEMATOPOIETIC_AND_LYMPHOID_TISSUE",TRUE,TRUE,TRUE,0.969369369369369,0.996396396396389,"pos","pos","pos","pos","pos","pos","pos","pos","pos","pos","pos","pos","pos","pos"
"SCLC21H","LUNG",TRUE,TRUE,TRUE,0.881081081081081,0.97657657657657,"pos","pos","pos","pos","pos","pos","pos","pos","pos","pos","pos","pos","pos","pos"
"SEM","HAEMATOPOIETIC_AND_LYMPHOID_TISSUE",TRUE,TRUE,FALSE,0.365765765765766,0.72432432432432,"pos","pos","pos","pos","pos","pos","pos","pos","pos","pos","neg","pos","pos","pos"
"SET2","HAEMATOPOIETIC_AND_LYMPHOID_TISSUE",TRUE,TRUE,FALSE,0.767567567567568,0.778378378378374,"pos","pos","pos","pos","pos","pos","pos","pos","pos","pos","pos","pos","pos","pos"
"SHSY5Y","AUTONOMIC_GANGLIA",FALSE,TRUE,TRUE,0.922522522522523,0.893693693693688,"pos","pos","pos","neg","neg","pos","pos","pos","pos","pos","pos","pos","pos","pos"
"SIGM5","HAEMATOPOIETIC_AND_LYMPHOID_TISSUE",TRUE,TRUE,TRUE,0.774774774774775,0.758558558558554,"pos","pos","pos","pos","pos","pos","pos","pos","pos","pos","pos","pos","pos","pos"
"SUDHL10","HAEMATOPOIETIC_AND_LYMPHOID_TISSUE",TRUE,TRUE,TRUE,0.776576576576577,0.87567567567567,"pos","pos","pos","pos","pos","pos","pos","pos","pos","pos","pos","pos","pos","pos"
"SUDHL4","HAEMATOPOIETIC_AND_LYMPHOID_TISSUE",TRUE,TRUE,TRUE,0.900900900900901,0.98738738738738,"pos","pos","pos","pos","pos","pos","pos","pos","pos","pos","pos","pos","pos","pos"
"SUDHL5","HAEMATOPOIETIC_AND_LYMPHOID_TISSUE",TRUE,TRUE,TRUE,0.801801801801802,0.8054054054054,"pos","pos","pos","pos","pos","pos","pos","pos","pos","pos","pos","pos","pos","pos"
"SUDHL6","HAEMATOPOIETIC_AND_LYMPHOID_TISSUE",TRUE,TRUE,TRUE,0.762162162162162,0.938738738738732,"pos","pos","pos","pos","pos","pos","pos","pos","pos","pos","pos","pos","pos","pos"
"SUDHL8","HAEMATOPOIETIC_AND_LYMPHOID_TISSUE",TRUE,TRUE,TRUE,0.945945945945946,0.852252252252247,"pos","pos","pos","pos","pos","pos","pos","pos","pos","pos","pos","pos","pos","pos"
"SUPB15","HAEMATOPOIETIC_AND_LYMPHOID_TISSUE",TRUE,TRUE,FALSE,0.441441441441441,0.809009009009004,"pos","pos","pos","pos","pos","pos","pos","pos","pos","pos","neg","pos","pos","pos"
"SUPT11","HAEMATOPOIETIC_AND_LYMPHOID_TISSUE",TRUE,TRUE,FALSE,0.769369369369369,0.897297297297291,"pos","pos","pos","pos","pos","pos","pos","pos","pos","pos","pos","pos","pos","pos"
"TALL1","HAEMATOPOIETIC_AND_LYMPHOID_TISSUE",TRUE,TRUE,TRUE,0.953153153153153,0.998198198198191,"pos","pos","pos","pos","pos","pos","pos","pos","pos","pos","pos","pos","pos","pos"
"TF1","HAEMATOPOIETIC_AND_LYMPHOID_TISSUE",TRUE,TRUE,FALSE,0.699099099099099,0.567567567567565,"pos","neg","neg","pos","pos","pos","pos","pos","pos","pos","pos","pos","pos","pos"
"TOLEDO","HAEMATOPOIETIC_AND_LYMPHOID_TISSUE",TRUE,TRUE,TRUE,0.569369369369369,0.963963963963957,"pos","pos","pos","pos","pos","pos","pos","pos","pos","pos","pos","pos","pos","pos"
"U937","HAEMATOPOIETIC_AND_LYMPHOID_TISSUE",TRUE,TRUE,FALSE,0.236036036036036,0.74414414414414,"pos","pos","pos","pos","pos","pos","pos","pos","pos","pos","neg","pos","pos","pos"
"UT7","HAEMATOPOIETIC_AND_LYMPHOID_TISSUE",TRUE,TRUE,FALSE,0.632432432432432,0.866666666666661,"pos","pos","pos","pos","pos","pos","pos","pos","pos","pos","pos","pos","pos","pos"
"WSUDLCL2","HAEMATOPOIETIC_AND_LYMPHOID_TISSUE",TRUE,TRUE,TRUE,0.740540540540541,0.884684684684679,"pos","pos","pos","pos","pos","pos","pos","pos","pos","pos","pos","pos","pos","pos"
"ALLSIL","HAEMATOPOIETIC_AND_LYMPHOID_TISSUE",TRUE,TRUE,FALSE,0.536936936936937,0.958558558558552,"pos","pos","pos","pos","pos","pos","pos","pos","pos","pos","pos","pos","pos","pos"
"CORL51","LUNG",TRUE,TRUE,TRUE,0.848648648648649,0.978378378378371,"pos","pos","pos","pos","pos","pos","pos","pos","pos","pos","pos","pos","pos","pos"
"OCILY10","HAEMATOPOIETIC_AND_LYMPHOID_TISSUE",TRUE,TRUE,FALSE,0.372972972972973,0.569369369369367,"pos","pos","pos","pos","pos","pos","pos","pos","pos","pos","pos","pos","pos","pos"
"1321N1","CENTRAL_NERVOUS_SYSTEM",TRUE,TRUE,FALSE,0.641441441441441,0.448648648648647,"neg","neg","neg","neg","neg","neg","neg","neg","neg","neg","neg","neg","neg","neg"
"143B","BONE",FALSE,TRUE,FALSE,0.724324324324324,0.190990990990991,"neg","neg","neg","neg","neg","neg","neg","neg","neg","neg","neg","neg","neg","neg"
"42MGBA","CENTRAL_NERVOUS_SYSTEM",TRUE,TRUE,FALSE,0.488288288288288,0.0576576576576577,"neg","neg","neg","neg","neg","neg","neg","neg","neg","neg","neg","neg","neg","neg"
"59M","OVARY",FALSE,TRUE,FALSE,0.0198198198198198,0.436036036036035,"neg","neg","neg","neg","neg","neg","neg","neg","neg","neg","neg","neg","neg","neg"
"786O","KIDNEY",FALSE,TRUE,FALSE,0.273873873873874,0.0756756756756757,"neg","neg","neg","neg","neg","neg","neg","neg","neg","neg","neg","neg","neg","neg"
"A4FUK","HAEMATOPOIETIC_AND_LYMPHOID_TISSUE",TRUE,TRUE,FALSE,0.308108108108108,0.367567567567567,"neg","neg","neg","pos","neg","neg","pos","pos","pos","pos","neg","neg","neg","neg"
"ACCMESO1","PLEURA",FALSE,TRUE,FALSE,0.83963963963964,0.263063063063063,"neg","neg","neg","neg","neg","neg","neg","neg","neg","neg","neg","neg","neg","neg"
"ALEXANDERCELLS","LIVER",FALSE,TRUE,FALSE,0.704504504504505,0.508108108108106,"neg","neg","neg","neg","neg","neg","neg","neg","neg","neg","neg","neg","neg","neg"
"ASPC1","PANCREAS",FALSE,TRUE,FALSE,0.583783783783784,0.679279279279275,"neg","neg","neg","neg","neg","neg","neg","neg","neg","neg","neg","neg","neg","neg"
"AZ521","STOMACH",FALSE,TRUE,FALSE,0.700900900900901,0.246846846846847,"neg","neg","neg","neg","neg","neg","neg","neg","neg","neg","neg","neg","neg","neg"
"BC3C","URINARY_TRACT",FALSE,TRUE,FALSE,0.571171171171171,0.286486486486487,"neg","neg","neg","neg","neg","neg","neg","neg","neg","neg","neg","neg","neg","neg"
"BCP1","HAEMATOPOIETIC_AND_LYMPHOID_TISSUE",TRUE,TRUE,FALSE,0.590990990990991,0.677477477477474,"neg","neg","neg","neg","neg","neg","neg","pos","pos","pos","pos","neg","pos","neg"
"BDCM","HAEMATOPOIETIC_AND_LYMPHOID_TISSUE",TRUE,TRUE,FALSE,0.745945945945946,0.277477477477478,"neg","neg","neg","neg","neg","neg","neg","pos","pos","pos","neg","neg","pos","neg"
"BECKER","CENTRAL_NERVOUS_SYSTEM",TRUE,TRUE,FALSE,0.85045045045045,0.29009009009009,"neg","neg","neg","neg","neg","neg","neg","neg","neg","neg","neg","neg","neg","neg"
"BICR16","UPPER_AERODIGESTIVE_TRACT",FALSE,TRUE,TRUE,0.693693693693694,0.690090090090086,"neg","neg","neg","neg","neg","neg","neg","neg","neg","neg","neg","neg","neg","neg"
"BICR18","UPPER_AERODIGESTIVE_TRACT",FALSE,TRUE,FALSE,0.0126126126126126,0.67387387387387,"neg","neg","neg","neg","neg","neg","neg","neg","neg","neg","neg","neg","neg","neg"
"BICR22","UPPER_AERODIGESTIVE_TRACT",FALSE,TRUE,TRUE,0.918918918918919,0.834234234234229,"neg","neg","neg","neg","neg","neg","neg","neg","neg","neg","neg","neg","neg","neg"
"BICR31","UPPER_AERODIGESTIVE_TRACT",FALSE,TRUE,FALSE,0.140540540540541,0.915315315315309,"neg","neg","neg","neg","neg","neg","neg","neg","neg","neg","neg","neg","neg","neg"
"BICR56","UPPER_AERODIGESTIVE_TRACT",FALSE,TRUE,TRUE,0.990990990990991,0.909909909909904,"neg","neg","neg","neg","neg","neg","neg","neg","neg","neg","neg","neg","neg","neg"
"BICR6","UPPER_AERODIGESTIVE_TRACT",FALSE,TRUE,FALSE,0.0882882882882883,0.625225225225222,"neg","neg","neg","neg","neg","neg","neg","neg","neg","neg","neg","neg","neg","neg"
"BT483","BREAST",TRUE,TRUE,FALSE,0.65045045045045,0.427027027027026,"neg","neg","neg","neg","neg","neg","neg","neg","neg","neg","neg","neg","neg","neg"
"BXPC3","PANCREAS",FALSE,TRUE,TRUE,0.891891891891892,0.810810810810806,"neg","neg","neg","neg","neg","neg","neg","neg","neg","neg","neg","neg","neg","neg"
"C2BBE1","LARGE_INTESTINE",FALSE,TRUE,FALSE,0.207207207207207,0.322522522522522,"neg","neg","neg","neg","neg","neg","neg","neg","neg","neg","neg","neg","neg","neg"
"CADOES1","BONE",FALSE,TRUE,FALSE,0.72972972972973,0.668468468468465,"neg","neg","pos","neg","neg","neg","neg","neg","neg","neg","neg","neg","neg","neg"
"CAKI2","KIDNEY",FALSE,TRUE,FALSE,0.18018018018018,0.688288288288284,"neg","neg","neg","neg","neg","neg","neg","neg","neg","neg","neg","neg","neg","neg"
"CAL29","URINARY_TRACT",FALSE,TRUE,FALSE,0.00900900900900901,0.0162162162162162,"neg","neg","neg","neg","neg","neg","neg","neg","neg","neg","neg","neg","neg","neg"
"CAL78","BONE",FALSE,TRUE,TRUE,0.915315315315315,0.576576576576574,"neg","neg","neg","neg","neg","neg","neg","neg","neg","neg","neg","neg","neg","neg"
"CALU1","LUNG",TRUE,TRUE,FALSE,0.459459459459459,0.445045045045044,"neg","neg","neg","neg","neg","neg","neg","neg","neg","neg","neg","neg","neg","neg"
"CALU3","LUNG",TRUE,TRUE,FALSE,0.156756756756757,0.0972972972972972,"neg","neg","neg","neg","neg","neg","neg","neg","neg","neg","neg","neg","neg","neg"
"CALU6","LUNG",TRUE,TRUE,FALSE,0.163963963963964,0.187387387387388,"neg","neg","neg","neg","neg","neg","neg","neg","neg","neg","neg","neg","neg","neg"
"CAOV3","OVARY",FALSE,TRUE,FALSE,0.0720720720720721,0.403603603603603,"neg","neg","neg","neg","neg","neg","neg","neg","neg","neg","neg","neg","neg","neg"
"CAOV4","OVARY",FALSE,TRUE,TRUE,0.897297297297297,0.578378378378376,"neg","neg","neg","neg","neg","neg","neg","neg","neg","neg","neg","neg","neg","neg"
"CAPAN2","PANCREAS",FALSE,TRUE,FALSE,0.36036036036036,0.657657657657654,"neg","neg","neg","neg","neg","neg","neg","neg","neg","neg","neg","neg","neg","neg"
"CCK81","LARGE_INTESTINE",FALSE,TRUE,FALSE,0.708108108108108,0.419819819819819,"neg","neg","neg","neg","neg","neg","neg","neg","neg","neg","neg","neg","neg","neg"
"CHAGOK1","LUNG",TRUE,TRUE,TRUE,0.738738738738739,0.639639639639636,"neg","neg","neg","neg","neg","neg","neg","neg","neg","neg","neg","neg","neg","neg"
"CJM","SKIN",TRUE,TRUE,TRUE,0.944144144144144,0.553153153153151,"neg","neg","neg","neg","neg","neg","neg","neg","neg","neg","neg","neg","neg","neg"
"CL11","LARGE_INTESTINE",FALSE,TRUE,FALSE,0.00720720720720721,0.0900900900900901,"neg","neg","neg","neg","neg","neg","neg","neg","neg","neg","neg","neg","neg","neg"
"CL14","LARGE_INTESTINE",FALSE,TRUE,TRUE,0.666666666666667,0.890090090090084,"neg","neg","neg","neg","neg","neg","neg","neg","neg","neg","neg","neg","neg","neg"
"CL34","LARGE_INTESTINE",FALSE,TRUE,FALSE,0.0792792792792793,0.120720720720721,"neg","neg","neg","neg","neg","neg","neg","neg","neg","neg","neg","neg","neg","neg"
"CL40","LARGE_INTESTINE",FALSE,TRUE,FALSE,0.295495495495495,0.0864864864864865,"neg","neg","neg","neg","neg","neg","neg","neg","neg","neg","neg","neg","neg","neg"
"COLO320","LARGE_INTESTINE",FALSE,TRUE,FALSE,0.0432432432432432,0.641441441441438,"neg","neg","neg","neg","neg","neg","neg","neg","neg","neg","pos","neg","neg","neg"
"COLO704","OVARY",FALSE,TRUE,FALSE,0.300900900900901,0.610810810810808,"neg","neg","neg","neg","neg","neg","pos","pos","pos","pos","neg","neg","neg","neg"
"COLO783","SKIN",TRUE,TRUE,FALSE,0.499099099099099,0.0540540540540541,"neg","neg","neg","neg","neg","neg","neg","neg","neg","neg","neg","neg","neg","neg"
"COLO818","SKIN",TRUE,TRUE,TRUE,0.888288288288288,0.587387387387384,"neg","neg","neg","neg","neg","neg","neg","neg","neg","neg","neg","neg","neg","neg"
"COLO849","SKIN",TRUE,TRUE,FALSE,0.266666666666667,0.0954954954954954,"neg","neg","neg","neg","neg","neg","neg","neg","neg","neg","neg","neg","neg","neg"
"COV318","OVARY",FALSE,TRUE,FALSE,0.0630630630630631,0.0288288288288288,"neg","neg","neg","neg","neg","neg","neg","neg","neg","neg","neg","neg","neg","neg"
"COV362","OVARY",FALSE,TRUE,TRUE,0.425225225225225,0.681081081081077,"neg","neg","neg","neg","neg","neg","neg","neg","neg","neg","neg","neg","neg","neg"
"COV434","OVARY",FALSE,TRUE,FALSE,0.695495495495495,0.42162162162162,"neg","neg","neg","neg","neg","neg","neg","neg","neg","neg","neg","neg","neg","neg"
"COV504","OVARY",FALSE,TRUE,FALSE,0.0864864864864865,0.00540540540540541,"neg","neg","neg","neg","neg","neg","neg","neg","neg","neg","neg","neg","neg","neg"
"COV644","OVARY",FALSE,TRUE,FALSE,0.304504504504505,0.621621621621618,"neg","neg","neg","neg","neg","neg","neg","neg","neg","neg","neg","neg","neg","neg"
"DANG","PANCREAS",FALSE,TRUE,TRUE,0.834234234234234,0.655855855855852,"neg","neg","neg","neg","neg","neg","neg","neg","neg","neg","neg","neg","neg","neg"
"DAOY","CENTRAL_NERVOUS_SYSTEM",TRUE,TRUE,FALSE,0.479279279279279,0.0522522522522523,"neg","neg","neg","neg","neg","neg","neg","neg","neg","neg","neg","neg","neg","neg"
"DETROIT562","UPPER_AERODIGESTIVE_TRACT",FALSE,TRUE,FALSE,0.234234234234234,0.342342342342342,"neg","neg","neg","neg","neg","neg","neg","neg","neg","neg","neg","neg","neg","neg"
"DLD1","LARGE_INTESTINE",FALSE,TRUE,FALSE,0.612612612612613,0.108108108108108,"neg","neg","neg","neg","neg","neg","neg","neg","neg","neg","neg","neg","neg","neg"
"DMS454","LUNG",TRUE,TRUE,TRUE,0.371171171171171,0.745945945945941,"neg","neg","neg","neg","neg","neg","neg","neg","neg","neg","pos","neg","neg","neg"
"DV90","LUNG",TRUE,TRUE,FALSE,0.556756756756757,0.245045045045046,"neg","neg","neg","neg","neg","neg","neg","neg","neg","neg","neg","neg","neg","neg"
"EB1","HAEMATOPOIETIC_AND_LYMPHOID_TISSUE",TRUE,TRUE,FALSE,0.124324324324324,0.378378378378378,"neg","neg","neg","neg","neg","neg","neg","pos","pos","pos","neg","neg","neg","neg"
"EBC1","LUNG",TRUE,TRUE,FALSE,0.855855855855856,0.627027027027024,"neg","neg","neg","neg","neg","neg","neg","neg","neg","neg","neg","neg","neg","neg"
"ECC12","STOMACH",FALSE,TRUE,FALSE,0.221621621621622,0.470270270270269,"neg","neg","neg","neg","neg","neg","neg","pos","pos","pos","neg","neg","neg","neg"
"EFM192A","BREAST",TRUE,TRUE,FALSE,0.515315315315315,0.252252252252253,"neg","neg","neg","neg","neg","neg","neg","neg","neg","neg","neg","neg","neg","neg"
"EHEB","HAEMATOPOIETIC_AND_LYMPHOID_TISSUE",TRUE,TRUE,FALSE,0.38018018018018,0.0936936936936937,"neg","neg","neg","neg","neg","neg","neg","pos","neg","pos","pos","neg","neg","neg"
"EJM","HAEMATOPOIETIC_AND_LYMPHOID_TISSUE",TRUE,TRUE,FALSE,0.477477477477477,0.317117117117117,"neg","neg","neg","neg","neg","neg","neg","pos","neg","pos","neg","neg","neg","neg"
"EN","ENDOMETRIUM",FALSE,TRUE,FALSE,0.43963963963964,0.036036036036036,"neg","neg","neg","neg","neg","neg","neg","neg","neg","neg","neg","neg","neg","neg"
"ES2","OVARY",FALSE,TRUE,FALSE,0.540540540540541,0.326126126126126,"neg","neg","neg","neg","neg","neg","neg","neg","neg","neg","neg","neg","neg","neg"
"FU97","STOMACH",FALSE,TRUE,FALSE,0.153153153153153,0.106306306306306,"neg","neg","neg","neg","neg","neg","neg","neg","neg","neg","neg","neg","neg","neg"
"FUOV1","OVARY",FALSE,TRUE,FALSE,0.542342342342342,0.376576576576576,"neg","neg","neg","neg","neg","neg","neg","neg","neg","neg","neg","neg","neg","neg"
"G292CLONEA141B1","BONE",FALSE,TRUE,FALSE,0.825225225225225,0.115315315315315,"neg","neg","neg","neg","neg","neg","neg","neg","neg","neg","neg","neg","neg","neg"
"GOS3","CENTRAL_NERVOUS_SYSTEM",TRUE,TRUE,TRUE,0.904504504504504,0.718918918918915,"neg","neg","neg","neg","neg","neg","neg","neg","neg","neg","neg","neg","neg","neg"
"GP2D","LARGE_INTESTINE",FALSE,TRUE,FALSE,0.0414414414414414,0.353153153153153,"neg","neg","neg","neg","neg","neg","neg","neg","neg","neg","neg","neg","neg","neg"
"GSS","STOMACH",FALSE,TRUE,TRUE,0.956756756756757,0.93693693693693,"neg","neg","neg","neg","neg","neg","neg","neg","neg","neg","neg","neg","neg","neg"
"GSU","STOMACH",FALSE,TRUE,FALSE,0.108108108108108,0.329729729729729,"neg","neg","neg","neg","neg","neg","neg","neg","neg","neg","neg","neg","neg","neg"
"HARA","LUNG",TRUE,TRUE,TRUE,0.845045045045045,0.868468468468463,"neg","neg","neg","neg","neg","neg","neg","neg","neg","neg","neg","neg","neg","neg"
"HCC1171","LUNG",TRUE,TRUE,FALSE,0.227027027027027,0.279279279279279,"neg","neg","neg","neg","neg","neg","neg","neg","neg","neg","neg","neg","neg","neg"
"HCC1195","LUNG",TRUE,TRUE,TRUE,0.794594594594595,0.77477477477477,"neg","neg","neg","neg","neg","neg","neg","neg","neg","neg","neg","neg","neg","neg"
"HCC1428","BREAST",TRUE,TRUE,FALSE,0.545945945945946,0.311711711711712,"neg","neg","neg","neg","neg","neg","neg","neg","neg","neg","neg","neg","neg","neg"
"HCC1500","BREAST",TRUE,TRUE,FALSE,0.668468468468468,0.749549549549545,"neg","neg","neg","neg","neg","neg","neg","neg","neg","neg","neg","neg","neg","neg"
"HCC1599","BREAST",TRUE,TRUE,TRUE,0.627027027027027,0.765765765765761,"neg","neg","neg","pos","pos","pos","pos","neg","pos","pos","pos","neg","neg","pos"
"HCC15","LUNG",TRUE,TRUE,FALSE,0.0324324324324324,0.54234234234234,"neg","neg","neg","neg","neg","neg","neg","neg","neg","neg","neg","neg","neg","neg"
"HCC202","BREAST",TRUE,TRUE,FALSE,0.659459459459459,0.490090090090088,"neg","neg","neg","neg","neg","neg","neg","neg","neg","neg","neg","neg","neg","neg"
"HCC2279","LUNG",TRUE,TRUE,TRUE,0.598198198198198,0.911711711711706,"neg","neg","neg","neg","neg","neg","neg","neg","neg","neg","neg","neg","neg","neg"
"HCC2935","LUNG",TRUE,TRUE,FALSE,0.401801801801802,0.308108108108108,"neg","neg","neg","neg","neg","neg","neg","neg","neg","neg","neg","neg","neg","neg"
"HCC366","LUNG",TRUE,TRUE,FALSE,0.572972972972973,0.324324324324324,"neg","neg","neg","neg","neg","neg","neg","neg","neg","neg","neg","neg","neg","neg"
"HCC4006","LUNG",TRUE,TRUE,FALSE,0.0612612612612613,0.313513513513513,"neg","neg","neg","neg","neg","neg","neg","neg","neg","neg","neg","neg","neg","neg"
"HCC44","LUNG",TRUE,TRUE,FALSE,0.255855855855856,0.297297297297297,"neg","neg","neg","neg","neg","neg","neg","neg","neg","neg","neg","neg","neg","neg"
"HCC56","LARGE_INTESTINE",FALSE,TRUE,FALSE,0.212612612612613,0.268468468468469,"neg","neg","neg","neg","neg","neg","neg","neg","neg","neg","neg","neg","neg","neg"
"HCC78","LUNG",TRUE,TRUE,TRUE,0.886486486486487,0.477477477477476,"neg","neg","neg","neg","neg","neg","neg","neg","neg","neg","neg","neg","neg","neg"
"HCC827","LUNG",TRUE,TRUE,FALSE,0.111711711711712,0.0486486486486487,"neg","neg","neg","neg","neg","neg","neg","neg","neg","neg","neg","neg","neg","neg"
"HCC95","LUNG",TRUE,TRUE,FALSE,0.585585585585586,0.196396396396397,"neg","neg","neg","neg","neg","neg","neg","neg","neg","neg","neg","neg","neg","neg"
"HDQP1","BREAST",TRUE,TRUE,FALSE,0.225225225225225,0.504504504504502,"neg","neg","neg","neg","neg","neg","neg","neg","neg","neg","neg","neg","neg","neg"
"HEC108","ENDOMETRIUM",FALSE,TRUE,FALSE,0.527927927927928,0.135135135135135,"neg","neg","neg","neg","neg","neg","neg","neg","neg","neg","neg","neg","neg","neg"
"HEC151","ENDOMETRIUM",FALSE,TRUE,FALSE,0.531531531531532,0.117117117117117,"neg","neg","neg","neg","neg","neg","neg","neg","neg","neg","neg","neg","neg","neg"
"HEC1A","ENDOMETRIUM",FALSE,TRUE,TRUE,0.81981981981982,0.46126126126126,"neg","neg","neg","neg","neg","neg","neg","neg","neg","neg","neg","neg","neg","neg"
"HEC1B","ENDOMETRIUM",FALSE,TRUE,FALSE,0.481081081081081,0.138738738738739,"neg","neg","neg","neg","neg","neg","neg","neg","neg","neg","neg","neg","neg","neg"
"HEC251","ENDOMETRIUM",FALSE,TRUE,FALSE,0.257657657657658,0.0702702702702703,"neg","neg","neg","neg","neg","neg","neg","neg","neg","neg","neg","neg","neg","neg"
"HEC265","ENDOMETRIUM",FALSE,TRUE,FALSE,0.389189189189189,0.0810810810810811,"neg","neg","neg","neg","neg","neg","neg","neg","neg","neg","neg","neg","neg","neg"
"HEC50B","ENDOMETRIUM",FALSE,TRUE,FALSE,0.0018018018018018,0.126126126126126,"neg","neg","neg","neg","neg","neg","neg","neg","neg","neg","neg","neg","neg","neg"
"HEC59","ENDOMETRIUM",FALSE,TRUE,FALSE,0.711711711711712,0.457657657657656,"neg","neg","neg","neg","neg","neg","neg","neg","neg","neg","neg","neg","neg","neg"
"HEC6","ENDOMETRIUM",FALSE,TRUE,FALSE,0.446846846846847,0.295495495495496,"neg","neg","neg","neg","neg","neg","neg","neg","neg","neg","neg","neg","neg","neg"
"HEP3B217","LIVER",FALSE,TRUE,TRUE,0.812612612612613,0.533333333333331,"neg","neg","neg","neg","neg","neg","neg","neg","neg","neg","neg","neg","neg","neg"
"HEPG2","LIVER",FALSE,TRUE,FALSE,0.190990990990991,0.00720720720720721,"neg","neg","neg","neg","neg","neg","neg","neg","neg","neg","neg","neg","neg","neg"
"HEYA8","OVARY",FALSE,TRUE,FALSE,0.338738738738739,0.331531531531531,"neg","neg","neg","neg","neg","neg","neg","neg","neg","neg","neg","neg","neg","neg"
"HLFA","LUNG",TRUE,TRUE,FALSE,0.196396396396396,0.450450450450449,"neg","neg","neg","neg","neg","neg","neg","neg","neg","neg","neg","neg","neg","neg"
"HLF","LIVER",FALSE,TRUE,FALSE,0.691891891891892,0.394594594594594,"neg","neg","neg","neg","neg","neg","neg","neg","neg","neg","neg","neg","neg","neg"
"HMCB","SKIN",TRUE,TRUE,FALSE,0.772972972972973,0.318918918918919,"neg","neg","neg","neg","neg","neg","neg","neg","neg","neg","neg","neg","neg","neg"
"HPAC","PANCREAS",FALSE,TRUE,FALSE,0.603603603603604,0.464864864864863,"neg","neg","neg","neg","neg","neg","neg","neg","neg","neg","neg","neg","neg","neg"
"HS172T","URINARY_TRACT",FALSE,TRUE,TRUE,0.861261261261261,0.589189189189186,"neg","neg","neg","neg","neg","neg","neg","neg","neg","neg","neg","neg","neg","neg"
"HS229T","LUNG",TRUE,TRUE,FALSE,0.210810810810811,0.0594594594594595,"neg","neg","neg","neg","neg","neg","neg","neg","neg","neg","neg","neg","neg","neg"
"HS274T","BREAST",TRUE,TRUE,TRUE,0.877477477477478,0.616216216216213,"neg","neg","neg","neg","neg","neg","neg","neg","neg","neg","neg","neg","neg","neg"
"HS281T","BREAST",TRUE,TRUE,FALSE,0.436036036036036,0.481081081081079,"neg","neg","neg","neg","neg","neg","neg","neg","neg","neg","neg","neg","neg","neg"
"HS294T","SKIN",TRUE,TRUE,FALSE,0.0684684684684685,0.39099099099099,"neg","neg","neg","neg","neg","neg","neg","neg","neg","neg","neg","neg","neg","neg"
"HS343T","BREAST",TRUE,TRUE,FALSE,0.277477477477477,0.198198198198198,"neg","neg","neg","neg","neg","neg","neg","neg","neg","neg","neg","neg","neg","neg"
"HS578T","BREAST",TRUE,TRUE,TRUE,0.972972972972973,0.772972972972968,"neg","neg","neg","neg","neg","neg","neg","neg","neg","neg","neg","neg","neg","neg"
"HS600T","SKIN",TRUE,TRUE,TRUE,0.940540540540541,0.695495495495492,"neg","neg","neg","neg","neg","neg","neg","neg","neg","neg","neg","neg","neg","neg"
"HS604T","HAEMATOPOIETIC_AND_LYMPHOID_TISSUE",TRUE,TRUE,TRUE,0.472072072072072,0.763963963963959,"neg","neg","neg","neg","neg","neg","neg","neg","neg","neg","neg","neg","neg","neg"
"HS606T","BREAST",TRUE,TRUE,FALSE,0.58018018018018,0.57297297297297,"neg","neg","neg","neg","neg","neg","neg","neg","neg","neg","neg","neg","neg","neg"
"HS616T","HAEMATOPOIETIC_AND_LYMPHOID_TISSUE",TRUE,TRUE,TRUE,0.951351351351351,0.753153153153149,"neg","neg","neg","neg","neg","neg","neg","neg","neg","neg","neg","neg","neg","neg"
"HS618T","LUNG",TRUE,TRUE,FALSE,0.126126126126126,0.266666666666667,"neg","neg","neg","neg","neg","neg","neg","neg","neg","neg","neg","neg","neg","neg"
"HS675T","LARGE_INTESTINE",FALSE,TRUE,TRUE,0.594594594594595,0.697297297297293,"neg","neg","neg","neg","neg","neg","neg","neg","neg","neg","neg","neg","neg","neg"
"HS683","CENTRAL_NERVOUS_SYSTEM",TRUE,TRUE,FALSE,0.131531531531532,0.0036036036036036,"neg","neg","neg","neg","neg","neg","neg","neg","neg","neg","neg","neg","neg","neg"
"HS688AT","SKIN",TRUE,TRUE,TRUE,0.873873873873874,0.729729729729725,"neg","neg","neg","neg","neg","neg","neg","neg","neg","neg","neg","neg","neg","neg"
"HS695T","SKIN",TRUE,TRUE,FALSE,0.652252252252252,0.255855855855856,"neg","neg","neg","neg","neg","neg","neg","neg","neg","neg","neg","neg","neg","neg"
"HS698T","LARGE_INTESTINE",FALSE,TRUE,FALSE,0.879279279279279,0.574774774774772,"neg","neg","neg","neg","neg","neg","neg","neg","neg","neg","neg","neg","neg","neg"
"HS706T","BONE",FALSE,TRUE,FALSE,0.421621621621622,0.273873873873874,"neg","neg","neg","neg","neg","neg","neg","neg","neg","neg","neg","neg","neg","neg"
"HS729","SOFT_TISSUE",FALSE,TRUE,FALSE,0.785585585585586,0.327927927927928,"neg","neg","neg","neg","neg","neg","neg","neg","neg","neg","neg","neg","neg","neg"
"HS737T","BONE",FALSE,TRUE,TRUE,0.971171171171171,0.841441441441436,"neg","neg","neg","neg","neg","neg","neg","neg","neg","neg","neg","neg","neg","neg"
"HS739T","BREAST",TRUE,TRUE,TRUE,0.863063063063063,0.682882882882879,"neg","neg","neg","neg","neg","neg","neg","neg","neg","neg","neg","neg","neg","neg"
"HS742T","BREAST",TRUE,TRUE,TRUE,0.981981981981982,0.837837837837832,"neg","neg","neg","neg","neg","neg","neg","neg","neg","neg","neg","neg","neg","neg"
"HS746T","STOMACH",FALSE,TRUE,FALSE,0.663063063063063,0.365765765765765,"neg","neg","neg","neg","neg","neg","neg","neg","neg","neg","neg","neg","neg","neg"
"HS751T","HAEMATOPOIETIC_AND_LYMPHOID_TISSUE",TRUE,TRUE,FALSE,0.340540540540541,0.257657657657658,"neg","neg","neg","neg","neg","neg","neg","neg","neg","neg","neg","neg","neg","neg"
"HS766T","PANCREAS",FALSE,TRUE,TRUE,0.718918918918919,0.899099099099093,"neg","neg","neg","neg","neg","neg","neg","neg","neg","neg","neg","neg","neg","neg"
"HS819T","BONE",FALSE,TRUE,TRUE,0.942342342342342,0.830630630630625,"neg","neg","neg","neg","neg","neg","neg","neg","neg","neg","neg","neg","neg","neg"
"HS821T","BONE",FALSE,TRUE,TRUE,0.913513513513514,0.691891891891888,"neg","neg","neg","neg","neg","neg","neg","neg","neg","neg","neg","neg","neg","neg"
"HS822T","BONE",FALSE,TRUE,TRUE,0.998198198198198,0.908108108108102,"neg","neg","neg","neg","neg","neg","neg","neg","neg","neg","neg","neg","neg","neg"
"HS839T","SKIN",TRUE,TRUE,FALSE,0.765765765765766,0.529729729729727,"neg","neg","neg","neg","neg","neg","neg","neg","neg","neg","neg","neg","neg","neg"
"HS840T","UPPER_AERODIGESTIVE_TRACT",FALSE,TRUE,FALSE,0.216216216216216,0.446846846846845,"neg","neg","neg","neg","neg","neg","neg","neg","neg","neg","neg","neg","neg","neg"
"HS852T","SKIN",TRUE,TRUE,FALSE,0.457657657657658,0.264864864864865,"neg","neg","neg","neg","neg","neg","neg","neg","neg","neg","neg","neg","neg","neg"
"HS863T","BONE",FALSE,TRUE,FALSE,0.843243243243243,0.520720720720719,"neg","neg","neg","neg","neg","neg","neg","neg","neg","neg","neg","neg","neg","neg"
"HS870T","BONE",FALSE,TRUE,FALSE,0.578378378378378,0.230630630630631,"neg","neg","neg","neg","neg","neg","neg","neg","neg","neg","neg","neg","neg","neg"
"HS888T","BONE",FALSE,TRUE,FALSE,0.0144144144144144,0.172972972972973,"neg","neg","neg","neg","neg","neg","neg","neg","neg","neg","neg","neg","neg","neg"
"HS895T","SKIN",TRUE,TRUE,TRUE,0.837837837837838,0.583783783783781,"neg","neg","neg","neg","neg","neg","neg","neg","neg","neg","neg","neg","neg","neg"
"HS934T","SKIN",TRUE,TRUE,FALSE,0.409009009009009,0.221621621621622,"neg","neg","neg","neg","neg","neg","neg","neg","neg","neg","neg","neg","neg","neg"
"HS936T","SKIN",TRUE,TRUE,FALSE,0.47027027027027,0.609009009009006,"neg","neg","neg","neg","neg","neg","neg","neg","neg","neg","neg","neg","neg","neg"
"HS939T","SKIN",TRUE,TRUE,FALSE,0.23963963963964,0.0684684684684685,"neg","neg","neg","neg","neg","neg","neg","neg","neg","neg","neg","neg","neg","neg"
"HS940T","SKIN",TRUE,TRUE,TRUE,0.836036036036036,0.700900900900897,"neg","neg","neg","neg","neg","neg","neg","neg","neg","neg","neg","neg","neg","neg"
"HS944T","SKIN",TRUE,TRUE,FALSE,0.412612612612613,0.47207207207207,"neg","neg","neg","neg","neg","neg","neg","neg","neg","neg","neg","neg","neg","neg"
"HSC4","UPPER_AERODIGESTIVE_TRACT",FALSE,TRUE,FALSE,0.443243243243243,0.194594594594595,"neg","neg","neg","neg","neg","neg","neg","neg","neg","neg","neg","neg","neg","neg"
"HT115","LARGE_INTESTINE",FALSE,TRUE,FALSE,0.10990990990991,0.214414414414415,"neg","neg","neg","neg","neg","neg","neg","neg","neg","neg","neg","neg","neg","neg"
"HTK","HAEMATOPOIETIC_AND_LYMPHOID_TISSUE",TRUE,TRUE,FALSE,0.394594594594595,0.174774774774775,"neg","neg","neg","neg","neg","neg","neg","neg","neg","neg","neg","neg","neg","neg"
"HUCCT1","BILIARY_TRACT",FALSE,FALSE,FALSE,0.118918918918919,0.345945945945945,"neg","neg","neg","neg","neg","neg","neg","neg","neg","neg","neg","neg","neg","neg"
"HUG1N","STOMACH",FALSE,TRUE,FALSE,0.0378378378378378,0.580180180180177,"neg","neg","neg","neg","neg","neg","neg","neg","neg","neg","neg","neg","neg","neg"
"HUH1","LIVER",FALSE,TRUE,FALSE,0.201801801801802,0.652252252252249,"neg","neg","neg","neg","neg","neg","neg","neg","neg","neg","neg","neg","neg","neg"
"HUH28","BILIARY_TRACT",FALSE,FALSE,FALSE,0.859459459459459,0.248648648648649,"neg","neg","neg","neg","neg","neg","neg","neg","neg","neg","neg","neg","neg","neg"
"HUH6","LIVER",FALSE,TRUE,FALSE,0.261261261261261,0.425225225225224,"neg","neg","neg","neg","neg","neg","neg","neg","neg","neg","neg","neg","neg","neg"
"HUH7","LIVER",FALSE,TRUE,TRUE,0.90990990990991,0.535135135135133,"neg","neg","neg","neg","neg","neg","neg","neg","neg","neg","neg","neg","neg","neg"
"HUNS1","HAEMATOPOIETIC_AND_LYMPHOID_TISSUE",TRUE,TRUE,FALSE,0.754954954954955,0.381981981981981,"neg","neg","neg","neg","neg","neg","neg","pos","pos","pos","neg","neg","neg","neg"
"HUPT3","PANCREAS",FALSE,TRUE,FALSE,0.299099099099099,0.0612612612612613,"neg","neg","neg","neg","neg","neg","neg","neg","neg","neg","neg","neg","neg","neg"
"HUPT4","PANCREAS",FALSE,TRUE,FALSE,0.367567567567568,0.156756756756757,"neg","neg","neg","neg","neg","neg","neg","neg","neg","neg","neg","neg","neg","neg"
"HUT102","HAEMATOPOIETIC_AND_LYMPHOID_TISSUE",TRUE,TRUE,FALSE,0.135135135135135,0.0378378378378378,"neg","neg","neg","neg","neg","neg","neg","neg","neg","neg","neg","neg","neg","neg"
"HUT78","HAEMATOPOIETIC_AND_LYMPHOID_TISSUE",TRUE,TRUE,FALSE,0.807207207207207,0.493693693693692,"neg","neg","neg","neg","neg","neg","neg","pos","neg","pos","pos","neg","neg","neg"
"IGR37","SKIN",TRUE,TRUE,FALSE,0.751351351351351,0.205405405405406,"neg","neg","neg","neg","neg","neg","neg","neg","neg","neg","neg","neg","neg","neg"
"IGR39","SKIN",TRUE,TRUE,FALSE,0.106306306306306,0.362162162162162,"neg","neg","neg","neg","neg","neg","neg","neg","neg","neg","neg","neg","neg","neg"
"IM95","STOMACH",FALSE,TRUE,FALSE,0.336936936936937,0.127927927927928,"neg","neg","neg","neg","neg","neg","neg","neg","neg","neg","neg","neg","neg","neg"
"ISHIKAWAHERAKLIO02ER","ENDOMETRIUM",FALSE,TRUE,FALSE,0.0900900900900901,0.293693693693694,"neg","neg","neg","neg","neg","neg","neg","neg","neg","neg","neg","neg","neg","neg"
"ISTMES2","PLEURA",FALSE,TRUE,FALSE,0.418018018018018,0.14054054054054,"neg","neg","neg","neg","neg","neg","neg","neg","neg","neg","neg","neg","neg","neg"
"JHH1","LIVER",FALSE,TRUE,FALSE,0.313513513513514,0.437837837837836,"neg","neg","neg","neg","neg","neg","neg","neg","neg","neg","neg","neg","neg","neg"
"JHH2","LIVER",FALSE,TRUE,TRUE,0.781981981981982,0.771171171171166,"neg","neg","neg","neg","neg","neg","neg","neg","neg","neg","neg","neg","neg","neg"
"JHH4","LIVER",FALSE,TRUE,FALSE,0.318918918918919,0.254054054054055,"neg","neg","neg","neg","neg","neg","neg","neg","neg","neg","neg","neg","neg","neg"
"JHH5","LIVER",FALSE,TRUE,FALSE,0.344144144144144,0.0630630630630631,"neg","neg","neg","neg","neg","neg","neg","neg","neg","neg","neg","neg","neg","neg"
"JHH6","LIVER",FALSE,TRUE,TRUE,0.78018018018018,0.556756756756754,"neg","neg","neg","neg","neg","neg","neg","neg","neg","neg","neg","neg","neg","neg"
"JHH7","LIVER",FALSE,TRUE,FALSE,0.172972972972973,0.124324324324324,"neg","neg","neg","pos","neg","neg","neg","neg","neg","neg","neg","neg","neg","neg"
"JHOC5","OVARY",FALSE,TRUE,FALSE,0.906306306306306,0.392792792792792,"neg","neg","neg","neg","neg","neg","neg","neg","neg","neg","neg","neg","neg","neg"
"JHOM1","OVARY",FALSE,TRUE,FALSE,0.282882882882883,0.506306306306304,"neg","neg","neg","neg","neg","neg","neg","neg","neg","neg","neg","neg","neg","neg"
"JHOM2B","OVARY",FALSE,TRUE,FALSE,0.423423423423423,0.549549549549547,"neg","neg","neg","neg","neg","neg","neg","neg","neg","neg","neg","neg","neg","neg"
"JHOS2","OVARY",FALSE,TRUE,FALSE,0.554954954954955,0.171171171171171,"neg","neg","neg","neg","neg","neg","neg","neg","neg","neg","neg","neg","neg","neg"
"JHOS4","OVARY",FALSE,TRUE,FALSE,0.821621621621622,0.475675675675674,"neg","neg","neg","neg","neg","neg","neg","neg","neg","neg","neg","neg","neg","neg"
"JHUEM1","ENDOMETRIUM",FALSE,TRUE,FALSE,0.12972972972973,0.0738738738738739,"neg","neg","neg","neg","neg","neg","neg","neg","neg","neg","neg","neg","neg","neg"
"JHUEM2","ENDOMETRIUM",FALSE,TRUE,FALSE,0.205405405405405,0.23963963963964,"neg","neg","neg","neg","neg","neg","neg","neg","neg","neg","neg","neg","neg","neg"
"JHUEM3","ENDOMETRIUM",FALSE,TRUE,FALSE,0.209009009009009,0.607207207207204,"neg","neg","neg","neg","neg","neg","neg","neg","neg","neg","neg","neg","neg","neg"
"JIMT1","BREAST",TRUE,TRUE,FALSE,0.405405405405405,0.69369369369369,"neg","neg","neg","neg","neg","neg","neg","neg","neg","neg","neg","neg","neg","neg"
"JL1","PLEURA",FALSE,TRUE,FALSE,0.818018018018018,0.536936936936935,"neg","neg","neg","neg","neg","neg","neg","neg","neg","neg","neg","neg","neg","neg"
"JMSU1","URINARY_TRACT",FALSE,TRUE,FALSE,0.495495495495495,0.459459459459458,"neg","neg","neg","neg","pos","neg","neg","neg","neg","neg","neg","neg","neg","neg"
"K029AX","SKIN",TRUE,TRUE,TRUE,0.744144144144144,0.585585585585583,"neg","neg","neg","neg","neg","neg","neg","neg","neg","neg","neg","neg","neg","neg"
"KATOIII","STOMACH",FALSE,TRUE,FALSE,0.331531531531532,0.147747747747748,"neg","neg","neg","neg","neg","neg","neg","neg","neg","neg","neg","neg","neg","neg"
"KCIMOH1","PANCREAS",FALSE,TRUE,FALSE,0.171171171171171,0.203603603603604,"neg","neg","neg","neg","neg","neg","neg","neg","neg","neg","neg","neg","neg","neg"
"KE39","STOMACH",FALSE,TRUE,FALSE,0.381981981981982,0.12972972972973,"neg","neg","neg","neg","neg","neg","neg","neg","neg","neg","neg","neg","neg","neg"
"KE97","HAEMATOPOIETIC_AND_LYMPHOID_TISSUE",TRUE,TRUE,FALSE,0.589189189189189,0.396396396396395,"neg","neg","neg","neg","neg","neg","pos","pos","pos","pos","neg","neg","pos","neg"
"KELLY","AUTONOMIC_GANGLIA",FALSE,TRUE,FALSE,0.655855855855856,0.590990990990988,"neg","neg","neg","neg","neg","neg","neg","neg","neg","neg","neg","neg","neg","neg"
"KG1C","CENTRAL_NERVOUS_SYSTEM",TRUE,TRUE,FALSE,0.506306306306306,0.7045045045045,"neg","neg","neg","neg","neg","neg","neg","neg","neg","neg","neg","neg","neg","neg"
"KHM1B","HAEMATOPOIETIC_AND_LYMPHOID_TISSUE",TRUE,TRUE,FALSE,0.596396396396396,0.455855855855854,"neg","neg","neg","neg","neg","neg","neg","pos","pos","pos","neg","neg","neg","neg"
"KIJK","HAEMATOPOIETIC_AND_LYMPHOID_TISSUE",TRUE,TRUE,FALSE,0.547747747747748,0.236036036036036,"neg","neg","neg","neg","pos","neg","neg","neg","neg","neg","neg","neg","neg","neg"
"KLM1","PANCREAS",FALSE,TRUE,TRUE,0.74954954954955,0.850450450450445,"neg","neg","neg","neg","neg","neg","neg","neg","neg","neg","neg","neg","neg","neg"
"KMBC2","URINARY_TRACT",FALSE,TRUE,FALSE,0.187387387387387,0.16036036036036,"neg","neg","neg","neg","neg","neg","neg","neg","neg","neg","neg","neg","neg","neg"
"KMM1","HAEMATOPOIETIC_AND_LYMPHOID_TISSUE",TRUE,TRUE,FALSE,0.315315315315315,0.513513513513511,"neg","neg","neg","neg","neg","neg","neg","pos","pos","pos","pos","neg","pos","neg"
"KMRC1","KIDNEY",FALSE,TRUE,FALSE,0.416216216216216,0.423423423423422,"neg","neg","neg","neg","neg","neg","neg","neg","neg","neg","neg","neg","neg","neg"
"KMRC20","KIDNEY",FALSE,TRUE,FALSE,0.0558558558558559,0.212612612612613,"neg","neg","neg","neg","neg","neg","neg","neg","neg","neg","neg","neg","neg","neg"
"KMRC2","KIDNEY",FALSE,TRUE,FALSE,0.645045045045045,0.227027027027027,"neg","neg","neg","neg","neg","neg","neg","neg","neg","neg","neg","neg","neg","neg"
"KMRC3","KIDNEY",FALSE,TRUE,FALSE,0.259459459459459,0.401801801801801,"neg","neg","neg","neg","neg","neg","neg","neg","neg","neg","neg","neg","neg","neg"
"KMS11","HAEMATOPOIETIC_AND_LYMPHOID_TISSUE",TRUE,TRUE,FALSE,0.733333333333333,0.670270270270267,"neg","neg","neg","neg","neg","neg","neg","pos","neg","pos","neg","neg","neg","neg"
"KMS12BM","HAEMATOPOIETIC_AND_LYMPHOID_TISSUE",TRUE,TRUE,FALSE,0.374774774774775,0.581981981981979,"neg","neg","neg","neg","neg","neg","pos","pos","pos","pos","neg","neg","pos","neg"
"KMS20","HAEMATOPOIETIC_AND_LYMPHOID_TISSUE",TRUE,TRUE,FALSE,0.385585585585586,0.41081081081081,"neg","neg","neg","neg","neg","neg","pos","neg","pos","pos","neg","neg","neg","neg"
"KMS21BM","HAEMATOPOIETIC_AND_LYMPHOID_TISSUE",TRUE,TRUE,FALSE,0.526126126126126,0.380180180180179,"neg","neg","neg","neg","neg","neg","pos","pos","pos","pos","neg","neg","neg","neg"
"KMS27","HAEMATOPOIETIC_AND_LYMPHOID_TISSUE",TRUE,TRUE,FALSE,0.553153153153153,0.216216216216217,"neg","neg","neg","neg","neg","neg","neg","pos","neg","pos","neg","neg","neg","neg"
"KMS28BM","HAEMATOPOIETIC_AND_LYMPHOID_TISSUE",TRUE,TRUE,FALSE,0.113513513513514,0.399999999999999,"neg","neg","neg","neg","neg","neg","neg","pos","neg","pos","neg","neg","neg","neg"
"KMS34","HAEMATOPOIETIC_AND_LYMPHOID_TISSUE",TRUE,TRUE,FALSE,0.178378378378378,0.547747747747745,"neg","neg","neg","pos","pos","neg","pos","pos","pos","pos","neg","neg","pos","pos"
"KNS60","CENTRAL_NERVOUS_SYSTEM",TRUE,TRUE,FALSE,0.0342342342342342,0.14954954954955,"neg","neg","neg","neg","neg","neg","neg","neg","neg","neg","neg","neg","neg","neg"
"KNS81","CENTRAL_NERVOUS_SYSTEM",TRUE,TRUE,FALSE,0.2,0.0450450450450451,"neg","neg","neg","neg","neg","neg","neg","neg","neg","neg","neg","neg","neg","neg"
"KP2","PANCREAS",FALSE,TRUE,FALSE,0.362162162162162,0.859459459459454,"neg","neg","neg","neg","neg","neg","neg","neg","neg","neg","neg","neg","neg","neg"
"KP3","PANCREAS",FALSE,TRUE,FALSE,0.284684684684685,0.407207207207206,"neg","neg","neg","neg","neg","neg","neg","neg","neg","neg","neg","neg","neg","neg"
"KPL1","BREAST",TRUE,TRUE,FALSE,0.30990990990991,0.30990990990991,"neg","neg","neg","neg","neg","neg","neg","neg","neg","neg","neg","neg","neg","neg"
"KPNSI9S","AUTONOMIC_GANGLIA",FALSE,TRUE,FALSE,0.0522522522522523,0.499099099099097,"neg","neg","neg","neg","neg","neg","neg","neg","neg","neg","neg","neg","neg","neg"
"KYM1","SOFT_TISSUE",FALSE,TRUE,FALSE,0.281081081081081,0.122522522522522,"neg","neg","neg","neg","neg","neg","neg","neg","neg","neg","neg","neg","neg","neg"
"KYO1","HAEMATOPOIETIC_AND_LYMPHOID_TISSUE",TRUE,TRUE,FALSE,0.715315315315315,0.304504504504504,"neg","neg","neg","neg","neg","neg","neg","neg","neg","neg","neg","neg","neg","neg"
"KYSE30","OESOPHAGUS",FALSE,TRUE,FALSE,0.198198198198198,0.634234234234231,"neg","neg","neg","neg","neg","neg","neg","neg","neg","neg","neg","neg","neg","neg"
"L1236","HAEMATOPOIETIC_AND_LYMPHOID_TISSUE",TRUE,TRUE,FALSE,0.407207207207207,0.282882882882883,"neg","neg","neg","neg","neg","neg","neg","neg","neg","neg","neg","neg","neg","neg"
"L33","PANCREAS",FALSE,TRUE,FALSE,0.0216216216216216,0.531531531531529,"neg","neg","neg","neg","neg","neg","neg","neg","neg","neg","neg","neg","neg","neg"
"LC1SQSF","LUNG",TRUE,TRUE,TRUE,0.931531531531532,0.756756756756752,"neg","neg","neg","neg","neg","neg","neg","neg","neg","neg","neg","neg","neg","neg"
"LI7","LIVER",FALSE,TRUE,FALSE,0.854054054054054,0.846846846846841,"neg","neg","neg","neg","neg","neg","neg","neg","neg","neg","neg","neg","neg","neg"
"LMSU","STOMACH",FALSE,TRUE,FALSE,0.445045045045045,0.102702702702703,"neg","neg","neg","neg","neg","neg","neg","neg","neg","neg","neg","neg","neg","neg"
"LN18","CENTRAL_NERVOUS_SYSTEM",TRUE,TRUE,FALSE,0.176576576576577,0.270270270270271,"neg","neg","neg","neg","neg","neg","neg","neg","neg","neg","neg","neg","neg","neg"
"LN229","CENTRAL_NERVOUS_SYSTEM",TRUE,TRUE,FALSE,0.0990990990990991,0,"neg","neg","neg","neg","neg","neg","neg","neg","neg","neg","neg","neg","neg","neg"
"LNCAPCLONEFGC","PROSTATE",FALSE,TRUE,TRUE,0.938738738738739,0.500900900900899,"neg","neg","neg","neg","neg","neg","neg","neg","neg","neg","neg","neg","neg","neg"
"LOUNH91","LUNG",TRUE,TRUE,FALSE,0.203603603603604,0.0396396396396396,"neg","neg","neg","neg","neg","neg","neg","neg","neg","neg","neg","neg","neg","neg"
"LOVO","LARGE_INTESTINE",FALSE,TRUE,FALSE,0.268468468468468,0.185585585585586,"neg","neg","neg","neg","neg","neg","neg","neg","neg","neg","neg","neg","neg","neg"
"LS180","LARGE_INTESTINE",FALSE,TRUE,FALSE,0.706306306306306,0.133333333333333,"neg","neg","neg","neg","neg","neg","neg","neg","neg","neg","neg","neg","neg","neg"
"LU99","LUNG",TRUE,TRUE,FALSE,0.502702702702703,0.300900900900901,"neg","neg","neg","neg","neg","neg","neg","neg","neg","neg","neg","neg","neg","neg"
"LUDLU1","LUNG",TRUE,TRUE,TRUE,0.924324324324324,0.675675675675672,"neg","neg","neg","neg","neg","neg","neg","neg","neg","neg","neg","neg","neg","neg"
"M059K","CENTRAL_NERVOUS_SYSTEM",TRUE,TRUE,FALSE,0.320720720720721,0.0666666666666667,"neg","neg","neg","neg","neg","neg","neg","neg","neg","neg","neg","neg","neg","neg"
"MALME3M","SKIN",TRUE,TRUE,FALSE,0.342342342342342,0.598198198198195,"neg","neg","neg","neg","neg","neg","neg","neg","neg","neg","neg","neg","neg","neg"
"MCAS","OVARY",FALSE,TRUE,FALSE,0.117117117117117,0.518918918918917,"neg","neg","neg","neg","neg","neg","neg","neg","neg","neg","neg","neg","neg","neg"
"MDAMB134VI","BREAST",TRUE,TRUE,TRUE,0.917117117117117,0.789189189189184,"neg","neg","pos","pos","pos","pos","neg","pos","pos","pos","pos","neg","neg","pos"
"MDAMB435S","SKIN",TRUE,TRUE,FALSE,0.511711711711712,0.0252252252252252,"neg","neg","neg","neg","neg","neg","neg","neg","neg","neg","neg","neg","neg","neg"
"MDAMB436","BREAST",TRUE,TRUE,TRUE,0.846846846846847,0.836036036036031,"neg","neg","neg","neg","neg","neg","neg","neg","neg","neg","neg","neg","neg","neg"
"MDAPCA2B","PROSTATE",FALSE,TRUE,FALSE,0.618018018018018,0.201801801801802,"neg","neg","neg","neg","neg","neg","neg","neg","neg","neg","neg","neg","neg","neg"
"MDST8","LARGE_INTESTINE",FALSE,TRUE,FALSE,0.317117117117117,0.0414414414414414,"neg","neg","neg","neg","neg","neg","neg","neg","neg","neg","neg","neg","neg","neg"
"MEWO","SKIN",TRUE,TRUE,TRUE,0.908108108108108,0.466666666666665,"neg","neg","neg","neg","neg","neg","neg","neg","neg","neg","neg","neg","neg","neg"
"MFE319","ENDOMETRIUM",FALSE,TRUE,FALSE,0.463063063063063,0.347747747747747,"neg","neg","neg","neg","neg","neg","neg","neg","neg","neg","neg","neg","neg","neg"
"MIAPACA2","PANCREAS",FALSE,TRUE,FALSE,0.520720720720721,0.178378378378379,"neg","neg","neg","neg","neg","neg","neg","neg","neg","neg","neg","neg","neg","neg"
"MJ","HAEMATOPOIETIC_AND_LYMPHOID_TISSUE",TRUE,TRUE,FALSE,0.378378378378378,0.306306306306306,"neg","neg","neg","pos","neg","neg","neg","pos","pos","pos","neg","neg","pos","neg"
"MKN74","STOMACH",FALSE,TRUE,TRUE,0.884684684684685,0.747747747747743,"neg","neg","neg","neg","neg","neg","neg","neg","neg","neg","neg","neg","neg","neg"
"ML1","THYROID",FALSE,TRUE,FALSE,0.036036036036036,0.18018018018018,"neg","neg","neg","neg","neg","neg","neg","neg","neg","neg","neg","neg","neg","neg"
"MM1S","HAEMATOPOIETIC_AND_LYMPHOID_TISSUE",TRUE,TRUE,FALSE,0.353153153153153,0.288288288288288,"neg","neg","neg","neg","neg","neg","neg","pos","neg","pos","neg","neg","neg","neg"
"MOLP2","HAEMATOPOIETIC_AND_LYMPHOID_TISSUE",TRUE,TRUE,TRUE,0.926126126126126,0.702702702702699,"neg","neg","neg","pos","pos","neg","neg","pos","neg","pos","pos","neg","neg","neg"
"MOLP8","HAEMATOPOIETIC_AND_LYMPHOID_TISSUE",TRUE,TRUE,FALSE,0.145945945945946,0.560360360360358,"neg","neg","neg","neg","neg","neg","neg","pos","pos","pos","neg","neg","neg","neg"
"MORCPR","LUNG",TRUE,TRUE,FALSE,0.127927927927928,0.111711711711712,"neg","neg","neg","neg","neg","neg","neg","neg","neg","neg","neg","neg","neg","neg"
"NCCSTCK140","STOMACH",FALSE,TRUE,FALSE,0.369369369369369,0.731531531531527,"neg","neg","neg","neg","neg","neg","neg","neg","neg","neg","neg","neg","neg","neg"
"NCIH1339","LUNG",TRUE,TRUE,FALSE,0.0810810810810811,0.018018018018018,"neg","neg","neg","neg","neg","neg","neg","neg","neg","neg","neg","neg","neg","neg"
"NCIH1341","LUNG",TRUE,TRUE,FALSE,0.538738738738739,0.209009009009009,"neg","neg","neg","neg","neg","neg","neg","neg","neg","neg","neg","neg","neg","neg"
"NCIH1373","LUNG",TRUE,TRUE,FALSE,0.0702702702702703,0.261261261261262,"neg","neg","neg","neg","neg","neg","neg","neg","neg","neg","neg","neg","neg","neg"
"NCIH1385","LUNG",TRUE,TRUE,TRUE,0.796396396396396,0.735135135135131,"neg","neg","neg","neg","neg","neg","neg","neg","neg","neg","pos","neg","neg","neg"
"NCIH1435","LUNG",TRUE,TRUE,FALSE,0.0648648648648649,0.369369369369369,"neg","neg","neg","neg","neg","neg","neg","neg","neg","neg","neg","neg","neg","neg"
"NCIH1568","LUNG",TRUE,TRUE,FALSE,0.018018018018018,0.351351351351351,"neg","neg","neg","neg","neg","neg","neg","neg","neg","neg","neg","neg","neg","neg"
"NCIH1734","LUNG",TRUE,TRUE,FALSE,0.214414414414414,0.0882882882882883,"neg","neg","neg","neg","neg","neg","neg","neg","neg","neg","neg","neg","neg","neg"
"NCIH1781","LUNG",TRUE,TRUE,FALSE,0.232432432432432,0.104504504504504,"neg","neg","neg","neg","neg","neg","neg","neg","neg","neg","neg","neg","neg","neg"
"NCIH1869","LUNG",TRUE,TRUE,FALSE,0.351351351351351,0.412612612612611,"neg","neg","neg","neg","neg","neg","neg","neg","neg","neg","neg","neg","neg","neg"
"NCIH1915","LUNG",TRUE,TRUE,TRUE,0.962162162162162,0.708108108108104,"neg","neg","neg","neg","neg","neg","neg","neg","neg","neg","neg","neg","neg","neg"
"NCIH1930","LUNG",TRUE,TRUE,FALSE,0.183783783783784,0.733333333333329,"neg","neg","neg","neg","neg","pos","neg","neg","pos","neg","neg","neg","neg","neg"
"NCIH1944","LUNG",TRUE,TRUE,TRUE,0.92972972972973,0.554954954954952,"neg","neg","neg","neg","neg","neg","neg","neg","neg","neg","neg","neg","neg","neg"
"NCIH196","LUNG",TRUE,TRUE,FALSE,0.142342342342342,0.333333333333333,"neg","neg","neg","neg","neg","neg","neg","neg","neg","neg","neg","neg","neg","neg"
"NCIH2023","LUNG",TRUE,TRUE,FALSE,0.0954954954954955,0.0324324324324324,"neg","neg","neg","neg","neg","neg","neg","neg","neg","neg","neg","neg","neg","neg"
"NCIH2066","LUNG",TRUE,TRUE,FALSE,0.246846846846847,0.169369369369369,"neg","neg","neg","neg","neg","neg","neg","neg","neg","neg","neg","neg","neg","neg"
"NCIH2085","LUNG",TRUE,TRUE,FALSE,0.0162162162162162,0.234234234234235,"neg","neg","neg","neg","neg","neg","neg","neg","neg","neg","neg","neg","neg","neg"
"NCIH2106","LUNG",TRUE,TRUE,FALSE,0.162162162162162,0.414414414414413,"neg","neg","neg","neg","neg","neg","neg","neg","neg","neg","neg","neg","neg","neg"
"NCIH2110","LUNG",TRUE,TRUE,FALSE,0.356756756756757,0.715315315315311,"neg","neg","neg","neg","neg","neg","neg","neg","neg","neg","neg","neg","neg","neg"
"NCIH211","LUNG",TRUE,TRUE,FALSE,0.657657657657658,0.473873873873872,"neg","neg","neg","neg","neg","neg","neg","neg","neg","pos","neg","neg","neg","neg"
"NCIH2171","LUNG",TRUE,TRUE,FALSE,0.787387387387387,0.663063063063059,"neg","neg","pos","pos","pos","neg","pos","pos","pos","pos","pos","neg","pos","pos"
"NCIH2172","LUNG",TRUE,TRUE,FALSE,0.70990990990991,0.250450450450451,"neg","neg","neg","neg","neg","neg","neg","neg","neg","neg","neg","neg","neg","neg"
"NCIH2196","LUNG",TRUE,TRUE,FALSE,0.857657657657658,0.544144144144142,"neg","neg","pos","pos","pos","neg","neg","neg","neg","pos","pos","neg","neg","neg"
"NCIH2286","LUNG",TRUE,TRUE,FALSE,0.69009009009009,0.336936936936937,"neg","neg","neg","neg","neg","neg","neg","neg","neg","neg","neg","neg","neg","neg"
"NCIH2444","LUNG",TRUE,TRUE,FALSE,0.0594594594594595,0.418018018018017,"neg","neg","neg","neg","neg","neg","neg","neg","neg","neg","neg","neg","neg","neg"
"NCIH322","LUNG",TRUE,TRUE,FALSE,0.102702702702703,0.0846846846846847,"neg","neg","neg","neg","neg","neg","neg","neg","neg","neg","neg","neg","neg","neg"
"NCIH508","LARGE_INTESTINE",FALSE,TRUE,FALSE,0.437837837837838,0.344144144144144,"neg","neg","neg","neg","neg","neg","neg","neg","neg","neg","neg","neg","neg","neg"
"NCIH510","LUNG",TRUE,TRUE,TRUE,0.935135135135135,0.713513513513509,"neg","neg","pos","neg","neg","neg","neg","neg","neg","pos","neg","neg","neg","neg"
"NCIH647","LUNG",TRUE,TRUE,FALSE,0.279279279279279,0.192792792792793,"neg","neg","neg","neg","neg","neg","neg","neg","neg","neg","neg","neg","neg","neg"
"NCIH716","LARGE_INTESTINE",FALSE,TRUE,FALSE,0.144144144144144,0.228828828828829,"neg","neg","neg","neg","neg","neg","neg","neg","neg","neg","neg","neg","neg","neg"
"NCIH841","LUNG",TRUE,TRUE,FALSE,0.468468468468468,0.21981981981982,"neg","neg","neg","neg","neg","neg","neg","neg","neg","neg","neg","neg","neg","neg"
"NCIH854","LUNG",TRUE,TRUE,TRUE,0.882882882882883,0.828828828828823,"neg","neg","neg","neg","pos","neg","neg","pos","neg","pos","pos","neg","neg","neg"
"NCIH929","HAEMATOPOIETIC_AND_LYMPHOID_TISSUE",TRUE,TRUE,FALSE,0.677477477477477,0.526126126126124,"neg","neg","neg","neg","neg","neg","neg","pos","pos","pos","neg","neg","neg","neg"
"NH6","AUTONOMIC_GANGLIA",FALSE,TRUE,FALSE,0.661261261261261,0.636036036036033,"neg","neg","pos","neg","neg","neg","pos","pos","pos","pos","pos","neg","pos","pos"
"NIHOVCAR3","OVARY",FALSE,TRUE,FALSE,0.100900900900901,0.0918918918918919,"neg","neg","neg","neg","neg","neg","neg","neg","neg","neg","neg","neg","neg","neg"
"NUDHL1","HAEMATOPOIETIC_AND_LYMPHOID_TISSUE",TRUE,TRUE,TRUE,1,0.951351351351345,"neg","neg","pos","neg","neg","neg","pos","pos","pos","pos","pos","neg","pos","pos"
"NUGC2","STOMACH",FALSE,TRUE,TRUE,0.958558558558559,0.612612612612609,"neg","neg","neg","neg","neg","neg","neg","neg","neg","neg","neg","neg","neg","neg"
"NUGC4","STOMACH",FALSE,TRUE,FALSE,0.147747747747748,0.207207207207208,"neg","neg","neg","neg","neg","neg","neg","neg","neg","neg","neg","neg","neg","neg"
"OC316","OVARY",FALSE,TRUE,FALSE,0.275675675675676,0.027027027027027,"neg","neg","neg","neg","neg","neg","neg","neg","neg","neg","neg","neg","neg","neg"
"OCUM1","STOMACH",FALSE,TRUE,FALSE,0.354954954954955,0.0504504504504505,"neg","neg","neg","neg","neg","neg","neg","neg","neg","neg","neg","neg","neg","neg"
"OUMS23","LARGE_INTESTINE",FALSE,TRUE,TRUE,0.823423423423423,0.812612612612607,"neg","neg","neg","neg","neg","neg","neg","neg","neg","neg","neg","neg","neg","neg"
"OUMS27","BONE",FALSE,TRUE,FALSE,0.61981981981982,0.100900900900901,"neg","neg","neg","neg","neg","neg","neg","neg","neg","neg","neg","neg","neg","neg"
"OV56","OVARY",FALSE,TRUE,FALSE,0.427027027027027,0.648648648648645,"neg","neg","neg","neg","neg","neg","neg","neg","neg","neg","neg","neg","neg","neg"
"OV7","OVARY",FALSE,TRUE,FALSE,0.610810810810811,0.131531531531531,"neg","neg","neg","neg","neg","neg","neg","neg","neg","neg","neg","neg","neg","neg"
"OV90","OVARY",FALSE,TRUE,FALSE,0.383783783783784,0.661261261261258,"neg","neg","neg","neg","neg","neg","neg","neg","neg","neg","neg","neg","neg","neg"
"OVISE","OVARY",FALSE,TRUE,FALSE,0.263063063063063,0.385585585585585,"neg","neg","neg","neg","neg","neg","neg","neg","neg","neg","neg","neg","neg","neg"
"OVK18","OVARY",FALSE,TRUE,FALSE,0.697297297297297,0.232432432432433,"neg","neg","neg","neg","neg","neg","neg","neg","neg","neg","neg","neg","neg","neg"
"OVKATE","OVARY",FALSE,TRUE,TRUE,0.954954954954955,0.75495495495495,"neg","neg","neg","neg","neg","neg","neg","neg","neg","neg","neg","neg","neg","neg"
"OVMANA","OVARY",FALSE,TRUE,TRUE,0.978378378378378,0.929729729729723,"neg","neg","neg","neg","neg","neg","neg","neg","neg","neg","neg","neg","neg","neg"
"OVSAHO","OVARY",FALSE,TRUE,FALSE,0.517117117117117,0.354954954954954,"neg","neg","neg","neg","neg","neg","neg","neg","neg","neg","neg","neg","neg","neg"
"OVTOKO","OVARY",FALSE,TRUE,FALSE,0.464864864864865,0.25945945945946,"neg","neg","neg","neg","neg","neg","neg","neg","neg","neg","neg","neg","neg","neg"
"PANC0203","PANCREAS",FALSE,TRUE,FALSE,0.327927927927928,0.738738738738734,"neg","neg","neg","neg","neg","neg","neg","neg","neg","neg","neg","neg","neg","neg"
"PANC0213","PANCREAS",FALSE,TRUE,TRUE,0.893693693693694,0.920720720720714,"neg","neg","neg","neg","neg","neg","neg","neg","neg","neg","neg","neg","neg","neg"
"PANC0403","PANCREAS",FALSE,TRUE,FALSE,0.0666666666666667,0.335135135135135,"neg","neg","neg","neg","neg","neg","neg","neg","neg","neg","neg","neg","neg","neg"
"PANC0504","PANCREAS",FALSE,TRUE,TRUE,0.792792792792793,0.886486486486481,"neg","neg","neg","neg","neg","neg","neg","neg","neg","neg","neg","neg","neg","neg"
"PANC1","PANCREAS",FALSE,TRUE,FALSE,0.0828828828828829,0.0306306306306306,"neg","neg","neg","neg","neg","neg","neg","neg","neg","neg","neg","neg","neg","neg"
"PATU8902","PANCREAS",FALSE,TRUE,FALSE,0.54954954954955,0.374774774774774,"neg","neg","neg","neg","neg","neg","neg","neg","neg","neg","neg","neg","neg","neg"
"PATU8988S","PANCREAS",FALSE,TRUE,FALSE,0.686486486486486,0.787387387387382,"neg","neg","neg","neg","neg","neg","neg","neg","neg","neg","neg","neg","neg","neg"
"PATU8988T","PANCREAS",FALSE,TRUE,TRUE,0.994594594594595,0.935135135135129,"neg","neg","neg","neg","neg","neg","neg","neg","neg","neg","neg","neg","neg","neg"
"PCM6","HAEMATOPOIETIC_AND_LYMPHOID_TISSUE",TRUE,TRUE,FALSE,0.592792792792793,0.416216216216215,"neg","neg","neg","neg","neg","neg","neg","neg","neg","neg","neg","neg","neg","neg"
"PECAPJ15","UPPER_AERODIGESTIVE_TRACT",FALSE,TRUE,FALSE,0.0306306306306306,0.163963963963964,"neg","neg","neg","neg","neg","neg","neg","neg","neg","neg","neg","neg","neg","neg"
"PECAPJ34CLONEC12","UPPER_AERODIGESTIVE_TRACT",FALSE,TRUE,TRUE,0.783783783783784,0.790990990990986,"neg","neg","neg","neg","neg","neg","neg","neg","neg","neg","neg","neg","neg","neg"
"PECAPJ41CLONED2","UPPER_AERODIGESTIVE_TRACT",FALSE,TRUE,FALSE,0.0918918918918919,0.59279279279279,"neg","neg","neg","neg","neg","neg","neg","neg","neg","neg","neg","neg","neg","neg"
"PECAPJ49","UPPER_AERODIGESTIVE_TRACT",FALSE,TRUE,TRUE,0.518918918918919,0.985585585585579,"neg","neg","neg","neg","neg","neg","neg","neg","neg","neg","neg","neg","neg","neg"
"PK1","PANCREAS",FALSE,TRUE,TRUE,0.322522522522523,0.891891891891886,"neg","neg","neg","neg","neg","neg","neg","neg","neg","neg","neg","neg","neg","neg"
"PK45H","PANCREAS",FALSE,TRUE,TRUE,0.302702702702703,0.870270270270264,"neg","neg","neg","neg","neg","neg","neg","neg","neg","neg","neg","neg","neg","neg"
"PK59","PANCREAS",FALSE,TRUE,FALSE,0.742342342342342,0.284684684684685,"neg","neg","neg","neg","neg","neg","neg","neg","neg","neg","neg","neg","neg","neg"
"PL45","PANCREAS",FALSE,TRUE,FALSE,0.0036036036036036,0.241441441441442,"neg","neg","neg","neg","neg","neg","neg","neg","neg","neg","neg","neg","neg","neg"
"PLCPRF5","LIVER",FALSE,TRUE,FALSE,0.49009009009009,0.315315315315315,"neg","neg","neg","neg","neg","neg","neg","neg","neg","neg","neg","neg","neg","neg"
"QGP1","PANCREAS",FALSE,TRUE,FALSE,0.643243243243243,0.51171171171171,"neg","neg","neg","neg","neg","neg","neg","neg","neg","neg","neg","neg","neg","neg"
"RERFGC1B","STOMACH",FALSE,TRUE,FALSE,0.115315315315315,0.666666666666663,"neg","neg","neg","neg","neg","neg","neg","neg","neg","neg","neg","neg","neg","neg"
"RERFLCAD1","LUNG",TRUE,TRUE,FALSE,0.448648648648649,0.210810810810811,"neg","neg","neg","neg","neg","neg","neg","neg","neg","neg","neg","neg","neg","neg"
"RERFLCAD2","LUNG",TRUE,TRUE,FALSE,0.192792792792793,0.32072072072072,"neg","neg","neg","neg","neg","neg","neg","neg","neg","neg","neg","neg","neg","neg"
"RERFLCAI","LUNG",TRUE,TRUE,FALSE,0.252252252252252,0.439639639639638,"neg","neg","neg","neg","neg","neg","neg","neg","neg","neg","neg","neg","neg","neg"
"RERFLCKJ","LUNG",TRUE,TRUE,TRUE,0.899099099099099,0.913513513513507,"neg","neg","neg","neg","neg","neg","neg","neg","neg","neg","neg","neg","neg","neg"
"RERFLCSQ1","LUNG",TRUE,TRUE,FALSE,0.16036036036036,0.338738738738738,"neg","neg","neg","neg","neg","neg","neg","neg","neg","neg","neg","neg","neg","neg"
"RH30","SOFT_TISSUE",FALSE,TRUE,TRUE,0.947747747747748,0.432432432432431,"neg","neg","neg","neg","pos","neg","neg","neg","neg","neg","neg","neg","neg","neg"
"RH41","SOFT_TISSUE",FALSE,TRUE,FALSE,0.830630630630631,0.594594594594592,"neg","neg","pos","neg","neg","neg","neg","pos","pos","pos","neg","neg","neg","neg"
"RKN","SOFT_TISSUE",FALSE,TRUE,FALSE,0.0468468468468468,0.517117117117115,"neg","neg","neg","neg","neg","neg","neg","neg","neg","neg","neg","neg","neg","neg"
"RMUGS","OVARY",FALSE,TRUE,TRUE,0.623423423423423,0.877477477477472,"neg","neg","neg","neg","neg","neg","neg","neg","neg","neg","neg","neg","neg","neg"
"RT11284","URINARY_TRACT",FALSE,TRUE,FALSE,0.165765765765766,0.151351351351351,"neg","neg","neg","neg","neg","neg","neg","neg","neg","neg","neg","neg","neg","neg"
"SCABER","URINARY_TRACT",FALSE,TRUE,FALSE,0.291891891891892,0.479279279279277,"neg","neg","neg","neg","neg","neg","neg","neg","neg","neg","neg","neg","neg","neg"
"SH10TC","STOMACH",FALSE,TRUE,FALSE,0.120720720720721,0.486486486486485,"neg","neg","neg","neg","neg","neg","neg","neg","neg","neg","neg","neg","neg","neg"
"SKBR3","BREAST",TRUE,TRUE,FALSE,0.473873873873874,0.495495495495493,"neg","neg","neg","neg","neg","neg","neg","neg","neg","neg","neg","neg","neg","neg"
"SKES1","BONE",FALSE,TRUE,FALSE,0.803603603603604,0.699099099099095,"neg","neg","pos","pos","pos","neg","neg","pos","pos","pos","neg","neg","neg","neg"
"SKMEL31","SKIN",TRUE,TRUE,FALSE,0.297297297297297,0.497297297297295,"neg","neg","neg","neg","neg","neg","neg","neg","neg","neg","neg","neg","neg","neg"
"SKNBE2","AUTONOMIC_GANGLIA",FALSE,TRUE,TRUE,0.814414414414414,0.596396396396393,"neg","neg","pos","neg","neg","neg","neg","pos","neg","pos","pos","neg","neg","neg"
"SKNMC","BONE",FALSE,TRUE,FALSE,0.461261261261261,0.62342342342342,"neg","neg","pos","neg","neg","neg","neg","pos","pos","pos","neg","neg","neg","neg"
"SKNSH","AUTONOMIC_GANGLIA",FALSE,TRUE,FALSE,0.4,0.0216216216216216,"neg","neg","neg","neg","neg","neg","neg","neg","neg","neg","neg","neg","neg","neg"
"SNB19","CENTRAL_NERVOUS_SYSTEM",TRUE,TRUE,FALSE,0.14954954954955,0.740540540540536,"neg","neg","neg","neg","neg","neg","neg","neg","neg","neg","neg","neg","neg","neg"
"SNU1040","LARGE_INTESTINE",FALSE,TRUE,FALSE,0.601801801801802,0.372972972972972,"neg","neg","neg","neg","neg","neg","neg","neg","neg","neg","neg","neg","neg","neg"
"SNU1076","UPPER_AERODIGESTIVE_TRACT",FALSE,TRUE,TRUE,0.911711711711712,0.706306306306302,"neg","neg","neg","neg","neg","neg","neg","neg","neg","neg","neg","neg","neg","neg"
"SNU1077","ENDOMETRIUM",FALSE,TRUE,FALSE,0.430630630630631,0.619819819819817,"neg","neg","neg","neg","neg","neg","neg","neg","neg","neg","neg","neg","neg","neg"
"SNU1079","BILIARY_TRACT",FALSE,FALSE,FALSE,0.133333333333333,0.363963963963963,"neg","neg","neg","neg","neg","neg","neg","neg","neg","neg","neg","neg","neg","neg"
"SNU1105","CENTRAL_NERVOUS_SYSTEM",TRUE,TRUE,FALSE,0.154954954954955,0.118918918918919,"neg","neg","neg","neg","neg","neg","neg","neg","neg","neg","neg","neg","neg","neg"
"SNU1196","BILIARY_TRACT",FALSE,FALSE,FALSE,0.0288288288288288,0.603603603603601,"neg","neg","neg","neg","neg","neg","neg","neg","neg","neg","neg","neg","neg","neg"
"SNU119","OVARY",FALSE,TRUE,FALSE,0.432432432432432,0.153153153153153,"neg","neg","neg","pos","pos","neg","neg","neg","neg","neg","neg","neg","neg","neg"
"SNU1214","UPPER_AERODIGESTIVE_TRACT",FALSE,TRUE,TRUE,0.963963963963964,0.563963963963961,"neg","neg","neg","neg","neg","neg","neg","neg","neg","neg","neg","neg","neg","neg"
"SNU1272","KIDNEY",FALSE,TRUE,FALSE,0.138738738738739,0.167567567567568,"neg","neg","neg","neg","neg","neg","neg","neg","neg","neg","neg","neg","neg","neg"
"SNU16","STOMACH",FALSE,TRUE,FALSE,0.0252252252252252,0.0558558558558559,"neg","neg","neg","neg","neg","neg","neg","neg","neg","neg","neg","neg","neg","neg"
"SNU175","LARGE_INTESTINE",FALSE,TRUE,FALSE,0.535135135135135,0.356756756756756,"neg","neg","neg","neg","neg","neg","neg","neg","neg","neg","neg","neg","neg","neg"
"SNU182","LIVER",FALSE,TRUE,TRUE,0.895495495495495,0.599999999999997,"neg","neg","neg","neg","neg","neg","neg","neg","neg","neg","neg","neg","neg","neg"
"SNU1","STOMACH",FALSE,TRUE,FALSE,0.25045045045045,0.0144144144144144,"neg","neg","neg","neg","neg","neg","neg","neg","neg","neg","neg","neg","neg","neg"
"SNU201","CENTRAL_NERVOUS_SYSTEM",TRUE,TRUE,FALSE,0.0540540540540541,0.2,"neg","neg","neg","neg","neg","neg","neg","neg","neg","neg","neg","neg","neg","neg"
"SNU213","PANCREAS",FALSE,TRUE,FALSE,0.185585585585586,0.601801801801799,"neg","neg","neg","neg","neg","neg","neg","neg","neg","neg","neg","neg","neg","neg"
"SNU216","STOMACH",FALSE,TRUE,FALSE,0.609009009009009,0.857657657657652,"neg","neg","neg","neg","neg","neg","neg","neg","neg","neg","neg","neg","neg","neg"
"SNU245","BILIARY_TRACT",FALSE,FALSE,FALSE,0.324324324324324,0.281081081081081,"neg","neg","neg","neg","neg","neg","neg","neg","neg","neg","neg","neg","neg","neg"
"SNU283","LARGE_INTESTINE",FALSE,TRUE,FALSE,0.34954954954955,0.299099099099099,"neg","neg","neg","neg","neg","neg","neg","neg","neg","neg","neg","neg","neg","neg"
"SNU308","BILIARY_TRACT",FALSE,FALSE,FALSE,0.104504504504505,0.409009009009008,"neg","neg","neg","neg","neg","neg","neg","neg","neg","neg","neg","neg","neg","neg"
"SNU324","PANCREAS",FALSE,TRUE,FALSE,0.810810810810811,0.37117117117117,"neg","neg","neg","neg","neg","neg","neg","neg","neg","neg","neg","neg","neg","neg"
"SNU349","KIDNEY",FALSE,TRUE,FALSE,0.396396396396396,0.64324324324324,"neg","neg","neg","neg","neg","neg","neg","neg","neg","neg","neg","neg","neg","neg"
"SNU398","LIVER",FALSE,TRUE,FALSE,0.753153153153153,0.527927927927926,"neg","neg","neg","neg","neg","neg","neg","neg","neg","neg","neg","neg","neg","neg"
"SNU407","LARGE_INTESTINE",FALSE,TRUE,FALSE,0.392792792792793,0.223423423423424,"neg","neg","neg","neg","neg","neg","neg","neg","neg","neg","neg","neg","neg","neg"
"SNU410","PANCREAS",FALSE,TRUE,FALSE,0.0504504504504504,0.762162162162157,"neg","neg","neg","neg","neg","neg","neg","neg","neg","neg","neg","neg","neg","neg"
"SNU466","CENTRAL_NERVOUS_SYSTEM",TRUE,TRUE,FALSE,0.524324324324324,0.558558558558556,"neg","neg","neg","neg","neg","neg","neg","neg","neg","neg","neg","neg","neg","neg"
"SNU46","UPPER_AERODIGESTIVE_TRACT",FALSE,TRUE,FALSE,0.326126126126126,0.349549549549549,"neg","neg","neg","neg","neg","neg","neg","neg","neg","neg","neg","neg","neg","neg"
"SNU475","LIVER",FALSE,TRUE,FALSE,0.218018018018018,0.142342342342342,"neg","neg","neg","neg","neg","neg","neg","neg","neg","neg","neg","neg","neg","neg"
"SNU478","BILIARY_TRACT",FALSE,FALSE,FALSE,0.0108108108108108,0.0720720720720721,"neg","neg","neg","neg","neg","neg","neg","neg","neg","neg","neg","neg","neg","neg"
"SNU489","CENTRAL_NERVOUS_SYSTEM",TRUE,TRUE,FALSE,0.6,0.509909909909908,"neg","neg","neg","neg","neg","neg","neg","neg","neg","neg","neg","neg","neg","neg"
"SNU503","LARGE_INTESTINE",FALSE,TRUE,FALSE,0.181981981981982,0.387387387387386,"neg","neg","neg","neg","neg","neg","neg","neg","neg","neg","neg","neg","neg","neg"
"SNU520","STOMACH",FALSE,TRUE,FALSE,0.223423423423423,0.10990990990991,"neg","neg","neg","neg","neg","neg","neg","neg","neg","neg","neg","neg","neg","neg"
"SNU5","STOMACH",FALSE,TRUE,FALSE,0.0756756756756757,0.189189189189189,"neg","neg","neg","neg","neg","neg","neg","neg","neg","neg","neg","neg","neg","neg"
"SNU601","STOMACH",FALSE,TRUE,FALSE,0.21981981981982,0.36036036036036,"neg","neg","neg","neg","neg","neg","neg","neg","neg","neg","neg","neg","neg","neg"
"SNU61","LARGE_INTESTINE",FALSE,TRUE,FALSE,0.0972972972972973,0.56216216216216,"neg","neg","neg","neg","neg","neg","neg","neg","neg","neg","neg","neg","neg","neg"
"SNU620","STOMACH",FALSE,TRUE,FALSE,0.194594594594595,0.136936936936937,"neg","neg","neg","neg","neg","neg","neg","neg","neg","neg","neg","neg","neg","neg"
"SNU626","CENTRAL_NERVOUS_SYSTEM",TRUE,TRUE,FALSE,0.345945945945946,0.632432432432429,"neg","neg","neg","neg","neg","neg","neg","neg","neg","neg","neg","neg","neg","neg"
"SNU668","STOMACH",FALSE,TRUE,FALSE,0.0234234234234234,0.154954954954955,"neg","neg","neg","neg","neg","neg","neg","neg","neg","neg","neg","neg","neg","neg"
"SNU685","ENDOMETRIUM",FALSE,TRUE,FALSE,0.228828828828829,0.181981981981982,"neg","neg","neg","neg","neg","neg","neg","neg","neg","neg","neg","neg","neg","neg"
"SNU719","STOMACH",FALSE,TRUE,FALSE,0.0486486486486487,0.0198198198198198,"neg","neg","neg","neg","neg","neg","neg","neg","neg","neg","neg","neg","neg","neg"
"SNU738","CENTRAL_NERVOUS_SYSTEM",TRUE,TRUE,FALSE,0.475675675675676,0.405405405405404,"neg","neg","neg","neg","neg","neg","neg","neg","neg","neg","neg","neg","neg","neg"
"SNU761","LIVER",FALSE,TRUE,FALSE,0.452252252252252,0.243243243243244,"neg","neg","neg","neg","neg","neg","neg","neg","neg","neg","neg","neg","neg","neg"
"SNU81","LARGE_INTESTINE",FALSE,TRUE,FALSE,0.335135135135135,0.463063063063061,"neg","neg","neg","neg","neg","neg","neg","neg","neg","neg","neg","neg","neg","neg"
"SNU840","OVARY",FALSE,TRUE,FALSE,0.158558558558559,0.398198198198197,"neg","neg","neg","neg","neg","neg","neg","neg","neg","neg","neg","neg","neg","neg"
"SNU878","LIVER",FALSE,TRUE,TRUE,0.726126126126126,0.545945945945943,"neg","neg","neg","neg","neg","neg","neg","neg","neg","neg","neg","neg","neg","neg"
"SNU886","LIVER",FALSE,TRUE,TRUE,0.827027027027027,0.452252252252251,"neg","neg","neg","neg","neg","neg","neg","neg","neg","neg","neg","neg","neg","neg"
"SNU899","UPPER_AERODIGESTIVE_TRACT",FALSE,TRUE,FALSE,0,0.383783783783783,"neg","neg","neg","neg","neg","neg","neg","neg","neg","neg","neg","neg","neg","neg"
"SNUC2A","LARGE_INTESTINE",FALSE,TRUE,TRUE,0.828828828828829,0.637837837837834,"neg","neg","neg","neg","neg","neg","neg","neg","neg","neg","neg","neg","neg","neg"
"SNUC4","LARGE_INTESTINE",FALSE,TRUE,FALSE,0.679279279279279,0.272072072072072,"neg","neg","neg","neg","neg","neg","neg","neg","neg","neg","neg","neg","neg","neg"
"SNUC5","LARGE_INTESTINE",FALSE,TRUE,FALSE,0.027027027027027,0.0342342342342342,"neg","neg","neg","neg","neg","neg","neg","neg","neg","neg","neg","neg","neg","neg"
"SQ1","LUNG",TRUE,TRUE,FALSE,0.306306306306306,0.664864864864861,"neg","neg","neg","neg","neg","neg","neg","neg","neg","neg","neg","neg","neg","neg"
"SR786","HAEMATOPOIETIC_AND_LYMPHOID_TISSUE",TRUE,TRUE,FALSE,0.358558558558559,0.389189189189188,"neg","neg","neg","neg","neg","neg","neg","neg","neg","neg","neg","neg","neg","neg"
"SU8686","PANCREAS",FALSE,TRUE,TRUE,0.927927927927928,0.981981981981975,"neg","neg","neg","neg","neg","neg","neg","neg","neg","neg","neg","neg","neg","neg"
"SUDHL1","HAEMATOPOIETIC_AND_LYMPHOID_TISSUE",TRUE,TRUE,FALSE,0.189189189189189,0.468468468468467,"neg","neg","neg","neg","pos","neg","neg","pos","pos","pos","pos","neg","neg","neg"
"SUIT2","PANCREAS",FALSE,TRUE,TRUE,0.832432432432432,0.917117117117111,"neg","neg","neg","neg","neg","neg","neg","neg","neg","neg","neg","neg","neg","neg"
"SUPHD1","HAEMATOPOIETIC_AND_LYMPHOID_TISSUE",TRUE,TRUE,TRUE,0.987387387387387,0.854054054054048,"neg","neg","neg","neg","pos","neg","neg","neg","pos","pos","neg","neg","neg","neg"
"SUPM2","HAEMATOPOIETIC_AND_LYMPHOID_TISSUE",TRUE,TRUE,FALSE,0.574774774774775,0.44144144144144,"neg","neg","neg","neg","neg","neg","neg","neg","neg","neg","neg","neg","neg","neg"
"SW1271","LUNG",TRUE,TRUE,FALSE,0.493693693693694,0.158558558558559,"neg","neg","neg","neg","neg","neg","neg","neg","neg","neg","neg","neg","neg","neg"
"SW1353","BONE",FALSE,TRUE,FALSE,0.482882882882883,0.275675675675676,"neg","neg","neg","neg","neg","neg","neg","neg","neg","neg","neg","neg","neg","neg"
"SW403","LARGE_INTESTINE",FALSE,TRUE,TRUE,0.933333333333333,0.785585585585581,"neg","neg","neg","neg","neg","neg","neg","neg","neg","neg","neg","neg","neg","neg"
"SW480","LARGE_INTESTINE",FALSE,TRUE,FALSE,0.286486486486487,0.769369369369365,"neg","neg","neg","neg","neg","neg","neg","neg","neg","neg","neg","neg","neg","neg"
"SW579","THYROID",FALSE,TRUE,FALSE,0.637837837837838,0.515315315315313,"neg","neg","neg","neg","neg","neg","neg","neg","neg","neg","neg","neg","neg","neg"
"T173","BONE",FALSE,TRUE,TRUE,0.976576576576577,0.726126126126122,"neg","neg","neg","neg","neg","neg","neg","neg","neg","neg","neg","neg","neg","neg"
"T3M4","PANCREAS",FALSE,TRUE,TRUE,0.684684684684685,0.942342342342336,"neg","neg","neg","neg","neg","neg","neg","neg","neg","neg","neg","neg","neg","neg"
"TC71","BONE",FALSE,TRUE,FALSE,0.455855855855856,0.237837837837838,"neg","neg","neg","neg","neg","neg","neg","neg","neg","neg","neg","neg","neg","neg"
"TCCPAN2","PANCREAS",FALSE,TRUE,TRUE,0.264864864864865,0.949549549549543,"neg","neg","neg","neg","neg","neg","neg","neg","neg","neg","neg","neg","neg","neg"
"TE14","OESOPHAGUS",FALSE,TRUE,FALSE,0.504504504504504,0.145945945945946,"neg","neg","neg","neg","neg","neg","neg","neg","neg","neg","neg","neg","neg","neg"
"TE441T","SOFT_TISSUE",FALSE,TRUE,FALSE,0.736936936936937,0.291891891891892,"neg","neg","neg","neg","neg","neg","neg","neg","neg","neg","neg","neg","neg","neg"
"TE4","OESOPHAGUS",FALSE,TRUE,FALSE,0.747747747747748,0.358558558558558,"neg","neg","neg","neg","neg","neg","neg","neg","neg","neg","neg","neg","neg","neg"
"TE617T","SOFT_TISSUE",FALSE,TRUE,FALSE,0.248648648648649,0.0018018018018018,"neg","neg","neg","neg","neg","neg","neg","neg","neg","neg","neg","neg","neg","neg"
"TEN","ENDOMETRIUM",FALSE,TRUE,FALSE,0.311711711711712,0.434234234234233,"neg","neg","neg","neg","neg","neg","neg","neg","neg","neg","neg","neg","neg","neg"
"TM31","CENTRAL_NERVOUS_SYSTEM",TRUE,TRUE,FALSE,0.544144144144144,0.428828828828828,"neg","neg","neg","neg","neg","neg","neg","neg","neg","neg","neg","neg","neg","neg"
"TO175T","HAEMATOPOIETIC_AND_LYMPHOID_TISSUE",TRUE,TRUE,FALSE,0.76036036036036,0.52252252252252,"neg","neg","neg","neg","neg","neg","neg","neg","neg","neg","neg","neg","neg","neg"
"TOV112D","OVARY",FALSE,TRUE,FALSE,0.272072072072072,0.0234234234234234,"neg","neg","neg","neg","neg","neg","neg","neg","neg","neg","neg","neg","neg","neg"
"TOV21G","OVARY",FALSE,TRUE,FALSE,0.625225225225225,0.0792792792792793,"neg","neg","neg","neg","neg","neg","neg","neg","neg","neg","neg","neg","neg","neg"
"TT2609C02","THYROID",FALSE,TRUE,FALSE,0.0738738738738739,0.0432432432432433,"neg","neg","neg","neg","neg","neg","neg","neg","neg","neg","neg","neg","neg","neg"
"TT1","Unknown",FALSE,FALSE,TRUE,0.868468468468468,0.686486486486483,"neg","neg","neg","neg","neg","neg","neg","neg","neg","neg","neg","neg","neg","neg"
"TT2","Unknown",FALSE,FALSE,TRUE,0.864864864864865,0.551351351351349,"neg","neg","neg","neg","neg","neg","neg","neg","neg","neg","neg","neg","neg","neg"
"TUHR10TKB","KIDNEY",FALSE,TRUE,FALSE,0.293693693693694,0.218018018018018,"neg","neg","neg","neg","neg","neg","neg","neg","neg","neg","neg","neg","neg","neg"
"TUHR14TKB","KIDNEY",FALSE,TRUE,FALSE,0.454054054054054,0.482882882882881,"neg","neg","neg","neg","neg","neg","neg","neg","neg","neg","neg","neg","neg","neg"
"TUHR4TKB","KIDNEY",FALSE,TRUE,FALSE,0.241441441441441,0.183783783783784,"neg","neg","neg","neg","neg","neg","neg","neg","neg","neg","neg","neg","neg","neg"
"TYKNU","OVARY",FALSE,TRUE,FALSE,0.333333333333333,0.113513513513513,"neg","neg","neg","neg","neg","neg","neg","neg","neg","neg","neg","neg","neg","neg"
"U138MG","CENTRAL_NERVOUS_SYSTEM",TRUE,TRUE,FALSE,0.816216216216216,0.302702702702703,"neg","neg","neg","neg","neg","neg","neg","neg","neg","neg","neg","neg","neg","neg"
"U251MG","CENTRAL_NERVOUS_SYSTEM",TRUE,TRUE,FALSE,0.605405405405405,0.443243243243242,"neg","neg","neg","neg","neg","neg","neg","neg","neg","neg","neg","neg","neg","neg"
"U266B1","HAEMATOPOIETIC_AND_LYMPHOID_TISSUE",TRUE,TRUE,FALSE,0.410810810810811,0.162162162162162,"neg","neg","neg","neg","neg","neg","neg","neg","neg","neg","neg","neg","neg","neg"
"UACC812","BREAST",TRUE,TRUE,FALSE,0.533333333333333,0.225225225225226,"neg","neg","neg","neg","neg","neg","neg","neg","neg","neg","neg","neg","neg","neg"
"UMUC1","URINARY_TRACT",FALSE,TRUE,FALSE,0.151351351351351,0.34054054054054,"neg","neg","neg","neg","neg","neg","neg","neg","neg","neg","neg","neg","neg","neg"
"VCAP","PROSTATE",FALSE,TRUE,TRUE,0.681081081081081,0.540540540540538,"neg","neg","neg","neg","neg","neg","neg","neg","neg","neg","neg","neg","neg","neg"
"VMRCRCW","KIDNEY",FALSE,TRUE,FALSE,0.654054054054054,0.454054054054052,"neg","neg","neg","neg","neg","neg","neg","neg","neg","neg","neg","neg","neg","neg"
"WM1799","SKIN",TRUE,TRUE,FALSE,0.616216216216216,0.144144144144144,"neg","neg","neg","neg","neg","neg","neg","neg","neg","neg","neg","neg","neg","neg"
"WM2664","SKIN",TRUE,TRUE,FALSE,0.731531531531531,0.0648648648648649,"neg","neg","neg","neg","neg","neg","neg","neg","neg","neg","neg","neg","neg","neg"
"WM793","SKIN",TRUE,TRUE,FALSE,0.0396396396396396,0.0108108108108108,"neg","neg","neg","neg","neg","neg","neg","neg","neg","neg","neg","neg","neg","neg"
"WM88","SKIN",TRUE,TRUE,FALSE,0.789189189189189,0.502702702702701,"neg","neg","neg","neg","neg","neg","neg","neg","neg","neg","neg","neg","neg","neg"
"WM983B","SKIN",TRUE,TRUE,TRUE,0.89009009009009,0.571171171171168,"neg","neg","neg","neg","neg","neg","neg","neg","neg","neg","neg","neg","neg","neg"
"YD10B","UPPER_AERODIGESTIVE_TRACT",FALSE,TRUE,FALSE,0.245045045045045,0.176576576576577,"neg","neg","neg","neg","neg","neg","neg","neg","neg","neg","neg","neg","neg","neg"
"YD15","SALIVARY_GLAND",FALSE,TRUE,FALSE,0.347747747747748,0.099099099099099,"neg","neg","neg","neg","neg","neg","neg","neg","neg","neg","neg","neg","neg","neg"
"YD38","UPPER_AERODIGESTIVE_TRACT",FALSE,TRUE,TRUE,0.508108108108108,0.82522522522522,"neg","neg","neg","neg","neg","neg","neg","neg","neg","neg","neg","neg","neg","neg"
"YD8","UPPER_AERODIGESTIVE_TRACT",FALSE,TRUE,FALSE,0.630630630630631,0.722522522522518,"neg","neg","neg","neg","neg","neg","neg","neg","neg","neg","neg","neg","neg","neg"
"YMB1","BREAST",TRUE,TRUE,FALSE,0.664864864864865,0.484684684684683,"neg","neg","neg","neg","neg","neg","neg","neg","neg","neg","neg","neg","neg","neg"
"ZR751","BREAST",TRUE,TRUE,FALSE,0.522522522522523,0.565765765765763,"neg","neg","neg","neg","neg","neg","neg","neg","neg","neg","neg","neg","neg","neg"
"COLO775","HAEMATOPOIETIC_AND_LYMPHOID_TISSUE",TRUE,TRUE,FALSE,0.675675675675676,0.49189189189189,"neg","neg","neg","neg","neg","neg","neg","pos","neg","pos","neg","neg","neg","neg"
"DM3","PLEURA",FALSE,TRUE,TRUE,0.646846846846847,0.827027027027022,"neg","neg","neg","neg","neg","neg","neg","neg","neg","neg","neg","neg","neg","neg"
"FTC238","THYROID",FALSE,TRUE,FALSE,0.230630630630631,0.0828828828828829,"neg","neg","neg","neg","neg","neg","neg","neg","neg","neg","neg","neg","neg","neg"
"HMC18","BREAST",TRUE,TRUE,TRUE,0.872072072072072,0.605405405405402,"neg","neg","neg","neg","neg","neg","neg","neg","neg","neg","neg","neg","neg","neg"
"HS571T","OVARY",FALSE,TRUE,TRUE,0.96036036036036,0.84504504504504,"neg","neg","neg","neg","neg","neg","neg","neg","neg","neg","neg","neg","neg","neg"
"LC1F","LUNG",TRUE,TRUE,TRUE,0.94954954954955,0.717117117117113,"neg","neg","neg","neg","neg","neg","neg","neg","neg","neg","neg","neg","neg","neg"
"MOGGCCM","CENTRAL_NERVOUS_SYSTEM",TRUE,TRUE,FALSE,0.0936936936936937,0.00900900900900901,"neg","neg","neg","neg","neg","neg","neg","neg","neg","neg","neg","neg","neg","neg"
"MOGGUVW","CENTRAL_NERVOUS_SYSTEM",TRUE,TRUE,FALSE,0.551351351351351,0.165765765765766,"neg","neg","neg","neg","neg","neg","neg","neg","neg","neg","neg","neg","neg","neg"
"NCIH3255","LUNG",TRUE,TRUE,FALSE,0.790990990990991,0.760360360360356,"neg","neg","neg","neg","neg","neg","neg","neg","neg","neg","neg","neg","neg","neg"
"ONCODG1","OVARY",FALSE,TRUE,FALSE,0.167567567567568,0.0126126126126126,"neg","neg","neg","neg","neg","neg","neg","neg","neg","neg","neg","neg","neg","neg"
"SNU1197","LARGE_INTESTINE",FALSE,TRUE,FALSE,0.045045045045045,0.650450450450447,"neg","neg","neg","neg","neg","neg","neg","neg","neg","neg","neg","neg","neg","neg"
"SNU8","OVARY",FALSE,TRUE,FALSE,0.00540540540540541,0.0468468468468469,"neg","neg","neg","neg","neg","neg","neg","neg","neg","neg","neg","neg","neg","neg"
"TE125T","SOFT_TISSUE",FALSE,TRUE,TRUE,0.985585585585586,0.645045045045042,"neg","neg","neg","neg","neg","neg","neg","neg","neg","neg","neg","neg","neg","neg"
"TE159T","SOFT_TISSUE",FALSE,TRUE,TRUE,0.98018018018018,0.792792792792788,"neg","neg","neg","neg","neg","neg","neg","neg","neg","neg","neg","neg","neg","neg"
"VMRCLCD","LUNG",TRUE,TRUE,FALSE,0.758558558558559,0.751351351351347,"neg","neg","neg","neg","neg","neg","neg","neg","neg","neg","neg","neg","neg","neg"
"VMRCLCP","LUNG",TRUE,TRUE,FALSE,0.0774774774774775,0.0774774774774775,"neg","neg","neg","neg","neg","neg","neg","neg","neg","neg","neg","neg","neg","neg"
"GRM","SKIN",TRUE,TRUE,TRUE,0.87027027027027,0.783783783783779,"neg","neg","neg","neg","neg","neg","neg","neg","neg","neg","neg","neg","neg","neg"
"HLC1","LUNG",TRUE,TRUE,TRUE,0.965765765765766,0.95675675675675,"neg","neg","neg","neg","neg","neg","neg","neg","neg","neg","neg","neg","neg","neg"
